time,open,high,low,close,volume,hl_range,chaikin_vol,roc
2025-10-02T06:00:00+00:00,61.68,61.69,61.43,61.5,587,0.259999999999998,,
2025-10-02T07:00:00+00:00,61.5,61.65,61.33,61.53,793,0.3200000000000003,,
2025-10-02T08:00:00+00:00,61.53,61.69,61.35,61.48,1406,0.3399999999999963,,
2025-10-02T09:00:00+00:00,61.48,61.51,60.86,61.03,3020,0.6499999999999986,,
2025-10-02T10:00:00+00:00,61.03,61.36,60.97,61.15,1960,0.39000000000000057,,
2025-10-02T11:00:00+00:00,61.15,61.24,60.95,61.13,1532,0.28999999999999915,,
2025-10-02T12:00:00+00:00,61.13,61.17,60.99,61.09,3566,0.17999999999999972,,
2025-10-02T13:00:00+00:00,61.07,61.27,60.7,61.12,6411,0.5700000000000003,,
2025-10-02T14:00:00+00:00,61.11,61.43,60.58,60.65,8036,0.8500000000000014,,
2025-10-02T15:00:00+00:00,60.66,60.74,60.3,60.45,5870,0.44000000000000483,,
2025-10-02T16:00:00+00:00,60.46,60.5,60.07,60.26,4740,0.4299999999999997,,-2.0162601626016294
2025-10-02T17:00:00+00:00,60.26,60.33,60.09,60.09,2630,0.23999999999999488,,-2.340321794246705
2025-10-02T18:00:00+00:00,60.1,60.26,60.06,60.2,4476,0.19999999999999574,,-2.0819778789850263
2025-10-02T19:00:00+00:00,60.21,60.31,60.2,60.3,739,0.10999999999999943,,-1.196133049320013
2025-10-02T20:00:00+00:00,60.3,60.43,60.25,60.33,866,0.17999999999999972,,-1.3409648405560102
2025-10-02T22:00:00+00:00,60.34,60.42,60.33,60.35,266,0.09000000000000341,,-1.2759692458694603
2025-10-02T23:00:00+00:00,60.35,60.42,60.3,60.38,107,0.12000000000000455,,-1.1622196758880354
2025-10-03T00:00:00+00:00,60.39,60.4,60.27,60.3,410,0.12999999999999545,,-1.3416230366492152
2025-10-03T01:00:00+00:00,60.31,60.48,60.31,60.41,368,0.1699999999999946,,-0.39571310799670567
2025-10-03T02:00:00+00:00,60.38,60.4,60.33,60.39,97,0.07000000000000028,,-0.09925558312655462
2025-10-03T03:00:00+00:00,60.38,60.53,60.38,60.48,283,0.14999999999999858,,0.36508463325588925
2025-10-03T04:00:00+00:00,60.47,60.55,60.47,60.55,117,0.0799999999999983,-64.61888543713819,0.7655183890830317
2025-10-03T05:00:00+00:00,60.53,60.67,60.52,60.66,356,0.14999999999999858,-64.70626104304704,0.7641196013288932
2025-10-03T06:00:00+00:00,60.66,60.85,60.63,60.76,843,0.21999999999999886,-58.67372989117209,0.7628524046434508
2025-10-03T07:00:00+00:00,60.75,60.9,60.59,60.6,1241,0.30999999999999517,-47.501772097119996,0.447538538040781
2025-10-03T08:00:00+00:00,60.61,61.0,60.55,60.99,1628,0.45000000000000284,-25.402899191236365,1.060480530240266
2025-10-03T09:00:00+00:00,60.99,61.02,60.39,60.48,1265,0.6300000000000026,4.967555076834754,0.16561775422324332
2025-10-03T10:00:00+00:00,60.48,60.62,60.35,60.39,1164,0.269999999999996,17.2811885371596,0.14925373134328923
2025-10-03T11:00:00+00:00,60.4,60.6,60.3,60.35,1009,0.30000000000000426,29.662567339617528,-0.09932130441979005
2025-10-03T12:00:00+00:00,60.34,60.53,60.22,60.52,1804,0.3100000000000023,41.6242292300898,0.21526742838218674
2025-10-03T13:00:00+00:00,60.52,60.66,60.34,60.52,3907,0.3199999999999932,48.590613166860656,0.06613756613757647
2025-10-03T14:00:00+00:00,60.53,60.87,60.38,60.65,4741,0.4899999999999949,87.16469445157394,0.16515276630883802
2025-10-03T15:00:00+00:00,60.67,60.9,60.53,60.67,3983,0.36999999999999744,96.37834923561228,0.01648532805803679
2025-10-03T16:00:00+00:00,60.67,60.82,60.63,60.76,2429,0.18999999999999773,100.14849060703233,0.0
2025-10-03T17:00:00+00:00,60.76,60.82,60.65,60.77,1706,0.1700000000000017,85.07510985012456,0.28052805280528337
2025-10-03T18:00:00+00:00,60.77,60.79,60.36,60.44,4067,0.4299999999999997,87.5388105729715,-0.9017871782259457
2025-10-03T19:00:00+00:00,60.45,60.54,60.38,60.41,1646,0.1599999999999966,48.09685215078141,-0.11574074074074121
2025-10-03T20:00:00+00:00,60.41,60.51,60.3,60.36,966,0.21000000000000085,13.625144487160423,-0.04967709885742861
2025-10-05T22:00:00+00:00,60.7,61.48,60.7,61.06,1795,0.779999999999994,17.369958983647656,1.1764705882352955
2025-10-05T23:00:00+00:00,61.07,61.25,61.04,61.23,351,0.21000000000000085,10.975825749047385,1.1731658955717015
2025-10-06T00:00:00+00:00,61.23,61.45,61.18,61.4,702,0.2700000000000031,7.202876305316126,1.4540647719761985
2025-10-06T01:00:00+00:00,61.38,61.43,61.28,61.41,329,0.14999999999999858,-3.6849547586474385,1.253091508656221
2025-10-06T02:00:00+00:00,61.43,61.43,61.36,61.38,410,0.07000000000000028,-17.778968526846523,1.1702653700346148
2025-10-06T03:00:00+00:00,61.39,61.44,61.36,61.43,346,0.0799999999999983,-35.01926458181132,1.1026991441738014
2025-10-06T04:00:00+00:00,61.44,61.54,61.41,61.48,375,0.13000000000000256,-40.824204827157715,1.1683396412703533
2025-10-06T05:00:00+00:00,61.49,61.49,61.19,61.36,420,0.30000000000000426,-30.084338385960656,1.5221707478491096
2025-10-06T06:00:00+00:00,61.35,61.35,61.09,61.34,937,0.259999999999998,-21.256866618977316,1.5394802185068812
2025-10-06T07:00:00+00:00,61.34,61.64,61.17,61.24,1931,0.46999999999999886,-13.697059769561001,1.457919151756134
2025-10-06T08:00:00+00:00,61.22,61.61,61.14,61.5,2047,0.46999999999999886,7.281514771160043,0.7206026858827345
2025-10-06T09:00:00+00:00,61.51,61.66,61.41,61.61,1057,0.25,8.923845443362342,0.6206108116936184
2025-10-06T10:00:00+00:00,61.59,61.69,61.32,61.32,936,0.36999999999999744,-14.925850308686735,-0.13029315960911775
2025-10-06T11:00:00+00:00,61.34,61.38,60.68,60.88,2339,0.7000000000000028,13.174046254696812,-0.8630516202572774
2025-10-06T12:00:00+00:00,60.88,61.26,60.87,61.02,2213,0.39000000000000057,17.89610518123511,-0.5865102639296178
2025-10-06T13:00:00+00:00,61.02,61.54,60.88,61.52,4232,0.6599999999999966,47.85176739788096,0.14650822073905814
2025-10-06T14:00:00+00:00,61.52,61.54,60.91,60.96,3519,0.6300000000000026,85.73932793422932,-0.8458035133376643
2025-10-06T15:00:00+00:00,60.94,61.48,60.86,61.4,4215,0.6199999999999974,124.47510639769202,0.06518904823989431
2025-10-06T16:00:00+00:00,61.39,61.61,61.27,61.29,2664,0.3399999999999963,128.75526332400858,-0.08151287903489446
2025-10-06T17:00:00+00:00,61.29,61.44,61.15,61.38,1600,0.28999999999999915,96.30211027054936,0.22860875244938042
2025-10-06T18:00:00+00:00,61.38,61.49,61.24,61.35,2814,0.25,75.62071095765158,-0.24390243902438793
2025-10-06T19:00:00+00:00,61.35,61.46,61.32,61.41,920,0.14000000000000057,29.9297943676048,-0.32462262619705057
2025-10-06T20:00:00+00:00,61.4,61.48,61.29,61.38,600,0.18999999999999773,5.146137477495089,0.09784735812133442
2025-10-06T22:00:00+00:00,61.39,61.48,61.35,61.35,138,0.12999999999999545,-2.9615568390039773,0.7720105124835723
2025-10-06T23:00:00+00:00,61.35,61.38,61.34,61.35,52,0.03999999999999915,-21.610267419072752,0.5408062930186796
2025-10-07T00:00:00+00:00,61.36,61.39,61.31,61.35,191,0.0799999999999983,-43.93335567733321,-0.27633289986996373
2025-10-07T01:00:00+00:00,61.36,61.48,61.35,61.41,160,0.12999999999999545,-48.13928595294414,0.7381889763779457
2025-10-07T02:00:00+00:00,61.41,61.57,61.41,61.54,185,0.1600000000000037,-55.78302561624918,0.22801302931596185
2025-10-07T03:00:00+00:00,61.55,61.58,61.5,61.54,86,0.0799999999999983,-63.47606993411263,0.40789688366780874
2025-10-07T04:00:00+00:00,61.54,61.54,61.34,61.37,176,0.19999999999999574,-64.44422631324157,-0.01629195177583108
2025-10-07T05:00:00+00:00,61.37,61.6,61.35,61.56,288,0.25,-59.43048829211762,0.3422982885085588
2025-10-07T06:00:00+00:00,61.57,61.68,61.44,61.49,688,0.240000000000002,-54.32610004540548,0.13027194268035402
2025-10-07T07:00:00+00:00,61.5,61.53,61.17,61.32,1388,0.35999999999999943,-43.20887908449984,-0.09775171065494016
2025-10-07T08:00:00+00:00,61.33,61.56,61.15,61.16,1245,0.4100000000000037,-26.252717428784955,-0.3096984515077503
2025-10-07T09:00:00+00:00,61.17,61.23,60.95,61.2,1251,0.27999999999999403,-18.415053843997974,-0.24449877750611013
2025-10-07T10:00:00+00:00,61.2,61.36,61.12,61.26,1134,0.240000000000002,-9.992365506255211,-0.14669926650367304
2025-10-07T11:00:00+00:00,61.25,61.48,61.23,61.38,1403,0.25,5.964552612836183,-0.04885197850511974
2025-10-07T12:00:00+00:00,61.39,61.44,60.99,61.01,2432,0.44999999999999574,36.98822369503128,-0.8612284692882697
2025-10-07T13:00:00+00:00,61.0,61.43,60.4,61.27,9214,1.0300000000000011,114.91607459041316,-0.43873903152420546
2025-10-07T14:00:00+00:00,61.28,61.3,60.8,61.2,4891,0.5,129.72332475795056,-0.2770083102492987
2025-10-07T15:00:00+00:00,61.21,61.39,61.03,61.13,3011,0.35999999999999943,148.4160357499128,-0.6985055230669261
2025-10-07T16:00:00+00:00,61.14,61.19,60.95,61.05,2112,0.23999999999999488,121.97455454777912,-0.7155635062611885
2025-10-07T17:00:00+00:00,61.05,61.29,61.0,61.12,2105,0.28999999999999915,96.6149579237412,-0.3261578604044404
2025-10-07T18:00:00+00:00,61.13,61.56,61.12,61.55,4533,0.44000000000000483,93.70330439625523,0.6376716808371494
2025-10-07T19:00:00+00:00,61.55,61.65,61.5,61.64,1245,0.14999999999999858,50.11622878962475,0.7189542483660093
2025-10-07T20:00:00+00:00,61.62,61.65,61.55,61.6,546,0.10000000000000142,14.254690723774985,0.5550114267058495
2025-10-07T22:00:00+00:00,61.67,61.75,61.65,61.71,247,0.10000000000000142,-0.8486014826277252,0.5376344086021477
2025-10-07T23:00:00+00:00,61.71,61.71,61.66,61.68,122,0.05000000000000426,-13.980746624133907,1.0981806261268674
2025-10-08T00:00:00+00:00,61.68,61.76,61.61,61.71,433,0.14999999999999858,-18.558112954322898,0.7181328545780932
2025-10-08T01:00:00+00:00,61.7,61.79,61.69,61.76,295,0.10000000000000142,-35.082445299412505,0.9150326797385542
2025-10-08T02:00:00+00:00,61.77,61.87,61.75,61.82,223,0.11999999999999744,-58.43440886650452,1.1287420251922096
2025-10-08T03:00:00+00:00,61.81,61.88,61.78,61.78,305,0.10000000000000142,-62.885868355456395,1.1957411957412023
2025-10-08T04:00:00+00:00,61.79,61.81,61.72,61.77,94,0.09000000000000341,-64.7480796407797,1.0634816753926795
2025-10-08T05:00:00+00:00,61.77,61.84,61.75,61.81,584,0.09000000000000341,-64.49783990872263,0.4224207961007394
2025-10-08T06:00:00+00:00,61.83,61.96,61.78,61.92,1997,0.17999999999999972,-60.747060603855616,0.4542504866969519
2025-10-08T07:00:00+00:00,61.92,61.99,61.77,61.89,1242,0.21999999999999886,-58.517174929498026,0.47077922077921935
2025-10-08T08:00:00+00:00,61.88,61.9,61.66,61.82,1551,0.240000000000002,-49.0863023179878,0.1782531194295891
2025-10-08T09:00:00+00:00,61.83,62.17,61.77,62.03,1916,0.3999999999999986,-27.830437572595468,0.5674448767834005
2025-10-08T10:00:00+00:00,62.04,62.12,61.82,61.96,1379,0.29999999999999716,-12.049479824081697,0.40512072597634097
2025-10-08T11:00:00+00:00,61.94,62.21,61.93,62.19,1158,0.28000000000000114,7.120618551499451,0.6962435233160617
2025-10-08T12:00:00+00:00,62.17,62.29,62.07,62.11,3911,0.21999999999999886,12.246013698477338,0.4691038498867667
2025-10-08T13:00:00+00:00,62.1,62.16,61.61,61.71,5949,0.5499999999999972,54.05921500883749,-0.11330527678860519
2025-10-08T14:00:00+00:00,61.69,62.04,61.59,62.01,4444,0.44999999999999574,81.20800977619564,0.3885381253035371
2025-10-08T15:00:00+00:00,62.01,62.34,62.01,62.26,4180,0.3300000000000054,97.75851680332369,0.7280375343795433
2025-10-08T16:00:00+00:00,62.26,62.33,61.9,62.08,3934,0.4299999999999997,128.2853531767093,0.25839793281653195
2025-10-08T17:00:00+00:00,62.08,62.23,62.05,62.18,2082,0.17999999999999972,124.95965624849421,0.46857327516561503
2025-10-08T18:00:00+00:00,62.16,62.19,61.87,61.89,3458,0.3200000000000003,114.4264708812322,0.11323196376577206
2025-10-08T19:00:00+00:00,61.88,61.93,61.86,61.88,686,0.07000000000000028,68.75814765976948,-0.24181847493148248
2025-10-08T20:00:00+00:00,61.87,61.92,61.75,61.79,464,0.1700000000000017,44.27040865381605,-0.2743705616526819
2025-10-08T22:00:00+00:00,61.76,61.83,61.5,61.67,714,0.3299999999999983,23.423946402708935,-0.8361472905611771
2025-10-08T23:00:00+00:00,61.66,61.66,61.4,61.54,651,0.259999999999998,14.739386430782167,-0.9177266140718084
2025-10-09T00:00:00+00:00,61.55,61.58,61.35,61.44,557,0.22999999999999687,7.819114911902574,-0.43753038405445327
2025-10-09T01:00:00+00:00,61.45,61.66,61.28,61.6,966,0.37999999999999545,18.81130023243368,-0.6611836800515991
2025-10-09T02:00:00+00:00,61.61,61.66,61.48,61.55,329,0.17999999999999972,-10.543619435775682,-1.1403790555734032
2025-10-09T03:00:00+00:00,61.55,61.66,61.55,61.61,151,0.10999999999999943,-27.075476395669423,-0.7570876288659776
2025-10-09T04:00:00+00:00,61.63,61.69,61.63,61.67,97,0.05999999999999517,-37.236483395096144,-0.8201994210356996
2025-10-09T05:00:00+00:00,61.68,62.12,61.68,62.1,918,0.4399999999999977,-28.20995522660897,0.3393116820164822
2025-10-09T06:00:00+00:00,62.13,62.13,61.93,62.08,740,0.20000000000000284,-24.099672402036003,0.3232062055591398
2025-10-09T07:00:00+00:00,62.07,62.24,62.03,62.19,1222,0.21000000000000085,-26.001535499857415,0.6473539407671122
2025-10-09T08:00:00+00:00,62.17,62.27,61.97,62.17,1583,0.30000000000000426,-9.282515932961784,0.8107669855683477
2025-10-09T09:00:00+00:00,62.17,62.31,61.81,61.87,1494,0.5,15.69030743262036,0.5362365940851451
2025-10-09T10:00:00+00:00,61.87,61.88,61.55,61.62,1367,0.3300000000000054,12.15084047621695,0.29296874999999956
2025-10-09T11:00:00+00:00,61.64,61.93,61.64,61.73,1529,0.28999999999999915,12.041554541704164,0.21103896103895364
2025-10-09T12:00:00+00:00,61.72,62.06,61.65,62.01,2094,0.4100000000000037,22.75207314205377,0.7473598700243719
2025-10-09T13:00:00+00:00,62.01,62.27,61.73,61.75,5342,0.5400000000000063,27.51682717199051,0.2272358383379331
2025-10-09T14:00:00+00:00,61.75,62.03,61.56,61.75,5516,0.46999999999999886,44.18333797956173,0.12972271769093285
2025-10-09T15:00:00+00:00,61.74,61.92,61.39,61.41,5755,0.5300000000000011,72.96277996864114,-1.1111111111111187
2025-10-09T16:00:00+00:00,61.41,61.57,60.9,60.94,5043,0.6700000000000017,123.70579625296895,-1.836340206185568
2025-10-09T17:00:00+00:00,60.94,61.04,60.75,60.94,4417,0.28999999999999915,72.38897817582777,-2.0099694484643833
2025-10-09T18:00:00+00:00,60.94,61.09,60.86,60.88,5168,0.23000000000000398,63.60707283210123,-2.0749557664468377
2025-10-09T19:00:00+00:00,60.89,61.04,60.79,61.0,1854,0.25,56.29281876571367,-1.4061742363019194
2025-10-09T20:00:00+00:00,60.99,61.07,60.94,61.04,622,0.13000000000000256,31.129952404051327,-0.9412528399870146
2025-10-09T22:00:00+00:00,61.01,61.06,60.98,61.05,203,0.0800000000000054,-4.805968749429266,-1.1015713591446619
2025-10-09T23:00:00+00:00,61.06,61.15,61.06,61.09,185,0.0899999999999963,-18.46783066648209,-1.4836316723109089
2025-10-10T00:00:00+00:00,61.1,61.18,61.04,61.17,392,0.14000000000000057,-24.376144738600907,-0.9392712550607261
2025-10-10T01:00:00+00:00,61.18,61.18,60.98,61.13,438,0.20000000000000284,-30.6812159681732,-1.0040485829959473
2025-10-10T02:00:00+00:00,61.11,61.15,60.99,61.04,186,0.1599999999999966,-41.57057799300702,-0.6025077348965925
2025-10-10T03:00:00+00:00,61.04,61.04,60.89,60.9,151,0.14999999999999858,-47.56091141320963,-0.06563833278634583
2025-10-10T04:00:00+00:00,60.9,60.9,60.75,60.77,249,0.14999999999999858,-53.292203715094956,-0.27896291434196685
2025-10-10T05:00:00+00:00,60.77,60.95,60.77,60.9,313,0.17999999999999972,-58.61788318186175,0.03285151116950726
2025-10-10T06:00:00+00:00,60.91,60.95,60.66,60.69,1286,0.29000000000000625,-51.32955792511377,-0.5081967213114791
2025-10-10T07:00:00+00:00,60.66,60.87,60.57,60.74,1815,0.29999999999999716,-42.53487950989225,-0.4914809960681474
2025-10-10T08:00:00+00:00,60.75,61.0,60.64,60.78,1837,0.35999999999999943,-31.71548226357435,-0.4422604422604358
2025-10-10T09:00:00+00:00,60.75,60.82,60.51,60.67,2617,0.3100000000000023,-19.18815231973099,-0.6875102308070088
2025-10-10T10:00:00+00:00,60.66,60.7,60.25,60.25,3180,0.45000000000000284,6.082513526460829,-1.5040052313225465
2025-10-10T11:00:00+00:00,60.26,60.46,60.18,60.25,4476,0.28000000000000114,19.87739233132,-1.4395550466219573
2025-10-10T12:00:00+00:00,60.24,60.25,59.71,59.82,8674,0.5399999999999991,50.026608551288575,-1.9986893840104831
2025-10-10T13:00:00+00:00,59.81,59.89,59.13,59.72,17254,0.759999999999998,88.039052586502,-1.9376026272577993
2025-10-10T14:00:00+00:00,59.73,60.02,59.36,59.63,8349,0.6600000000000037,119.2686233171118,-1.875925621194669
2025-10-10T15:00:00+00:00,59.62,59.65,58.48,58.5,13123,1.1700000000000017,196.36965932259568,-3.940886699507387
2025-10-10T16:00:00+00:00,58.51,58.69,58.28,58.48,8954,0.4099999999999966,193.05525974503473,-3.641456582633055
2025-10-10T17:00:00+00:00,58.49,58.67,58.45,58.51,6005,0.21999999999999886,163.28766710298416,-3.671386236417524
2025-10-10T18:00:00+00:00,58.52,58.54,58.28,58.37,6912,0.259999999999998,118.93054832637628,-3.9651201052978013
2025-10-10T19:00:00+00:00,58.38,58.54,58.36,58.4,3059,0.17999999999999972,80.12869191202606,-3.7415526619416566
2025-10-10T20:00:00+00:00,58.39,58.46,57.8,57.84,3388,0.6600000000000037,80.9736429830462,-3.9999999999999947
2025-10-12T22:00:00+00:00,58.65,59.38,58.41,58.88,7892,0.970000000000006,109.63145924261508,-2.2738589211618216
2025-10-12T23:00:00+00:00,58.89,59.15,58.77,59.14,1273,0.37999999999999545,74.80665134391863,-1.136743564025409
2025-10-13T00:00:00+00:00,59.14,59.35,58.92,59.27,1746,0.4299999999999997,71.09866177031076,-0.7535164099129198
2025-10-13T01:00:00+00:00,59.25,59.52,59.14,59.46,2120,0.38000000000000256,41.72827450870852,-0.2850913969478479
2025-10-13T02:00:00+00:00,59.46,59.56,59.39,59.4,2135,0.1700000000000017,1.8586612416576904,1.538461538461536
2025-10-13T03:00:00+00:00,59.4,59.48,59.25,59.28,1028,0.22999999999999687,-15.680686840972049,1.3679890560875587
2025-10-13T04:00:00+00:00,59.29,59.36,59.22,59.23,616,0.14000000000000057,-41.864070446760124,1.2305588788241306
2025-10-13T05:00:00+00:00,59.22,59.4,59.21,59.35,566,0.18999999999999773,-43.446822969272624,1.6789446633544698
2025-10-13T06:00:00+00:00,59.34,59.43,59.26,59.4,1153,0.1700000000000017,-41.77083138252706,1.7123287671232876
2025-10-13T07:00:00+00:00,59.4,59.46,59.17,59.33,2529,0.28999999999999915,-36.19378532424541,2.5760719225449424
2025-10-13T08:00:00+00:00,59.32,59.58,59.2,59.56,3952,0.37999999999999545,-24.214506850760277,1.1548913043478255
2025-10-13T09:00:00+00:00,59.55,59.69,59.42,59.61,2316,0.269999999999996,-33.53008691527337,0.7947243828204241
2025-10-13T10:00:00+00:00,59.6,59.67,59.37,59.49,2211,0.30000000000000426,-45.05392914213445,0.37118272313143047
2025-10-13T11:00:00+00:00,59.48,59.62,59.21,59.3,2887,0.4099999999999966,-37.938557342113825,-0.26908846283216226
2025-10-13T12:00:00+00:00,59.3,59.37,58.88,58.96,4865,0.4899999999999949,-29.805641349461386,-0.7407407407407369
2025-10-13T13:00:00+00:00,58.95,59.37,58.8,59.35,10326,0.5700000000000003,-18.251833654379016,0.11808367071525015
2025-10-13T14:00:00+00:00,59.34,59.63,59.26,59.48,7758,0.37000000000000455,-8.28316803050306,0.4220834036805673
2025-10-13T15:00:00+00:00,59.5,59.57,59.0,59.08,9090,0.5700000000000003,8.604052594357467,-0.45492839090143744
2025-10-13T16:00:00+00:00,59.07,59.29,59.04,59.24,4462,0.25,13.815511969273459,-0.2693602693602636
2025-10-13T17:00:00+00:00,59.24,59.4,59.2,59.32,3417,0.19999999999999574,12.875067545323693,-0.01685487948760831
2025-10-13T18:00:00+00:00,59.32,59.32,59.01,59.06,11269,0.3100000000000023,20.333089883002437,-0.8394895903290799
2025-10-13T19:00:00+00:00,59.05,59.32,59.05,59.25,1187,0.2700000000000031,15.35337011824491,-0.6039255158530438
2025-10-13T20:00:00+00:00,59.25,59.31,59.08,59.14,1378,0.23000000000000398,2.9330324931093865,-0.5883341738107268
2025-10-13T22:00:00+00:00,59.17,59.25,59.1,59.25,146,0.14999999999999858,-4.85530695377019,-0.0843170320404674
2025-10-13T23:00:00+00:00,59.24,59.25,59.21,59.22,54,0.03999999999999915,-19.7860347199215,0.44097693351424355
2025-10-14T00:00:00+00:00,59.23,59.36,59.22,59.34,471,0.14000000000000057,-30.54862433266058,-0.016849199663012654
2025-10-14T01:00:00+00:00,59.35,59.39,59.25,59.28,827,0.14000000000000057,-40.94977131414662,-0.33624747814390676
2025-10-14T02:00:00+00:00,59.3,59.32,59.2,59.21,429,0.11999999999999744,-51.04371587827862,0.22004062288422913
2025-10-14T03:00:00+00:00,59.2,59.31,59.17,59.29,300,0.14000000000000057,-52.97910801020217,0.08440243079000195
2025-10-14T04:00:00+00:00,59.29,59.3,59.01,59.07,560,0.28999999999999915,-52.027185846557835,-0.42144302090357383
2025-10-14T05:00:00+00:00,59.08,59.08,58.68,58.71,955,0.3999999999999986,-38.935435551585016,-0.5926176769387088
2025-10-14T06:00:00+00:00,58.71,58.94,58.6,58.65,1740,0.3399999999999963,-27.764359492878466,-1.0126582278481038
2025-10-14T07:00:00+00:00,58.65,58.66,57.99,58.22,5646,0.6699999999999946,-4.35736166249936,-1.5556307067974329
2025-10-14T08:00:00+00:00,58.24,58.26,57.67,57.89,5126,0.5899999999999963,13.77962355212584,-2.2953586497890286
2025-10-14T09:00:00+00:00,57.86,58.01,57.61,57.95,4093,0.3999999999999986,21.789832849278675,-2.1445457615670316
2025-10-14T10:00:00+00:00,57.94,58.02,57.29,57.37,4785,0.730000000000004,56.81354371099098,-3.3198517020559586
2025-10-14T11:00:00+00:00,57.39,57.94,57.39,57.89,4203,0.5499999999999972,93.76826097592654,-2.34480431848853
2025-10-14T12:00:00+00:00,57.9,57.97,57.6,57.7,5885,0.36999999999999744,101.86818443297747,-2.550244891065695
2025-10-14T13:00:00+00:00,57.69,58.28,57.66,57.94,12550,0.6200000000000045,131.53551186677836,-2.276943835385396
2025-10-14T14:00:00+00:00,57.93,58.11,57.69,57.86,9582,0.4200000000000017,145.06841296032306,-2.048417132216016
2025-10-14T15:00:00+00:00,57.86,58.2,57.61,58.1,7802,0.5900000000000034,169.77204429316643,-1.0390052801907672
2025-10-14T16:00:00+00:00,58.09,58.43,58.08,58.26,6298,0.3500000000000014,130.7432796448292,-0.6649616368286455
2025-10-14T17:00:00+00:00,58.27,58.53,58.27,58.38,5071,0.259999999999998,79.9927085436443,0.2748196496049531
2025-10-14T18:00:00+00:00,58.37,58.47,58.19,58.41,5900,0.28000000000000114,56.42865700363245,0.8982553117982313
2025-10-14T19:00:00+00:00,58.41,58.44,57.97,58.04,2950,0.46999999999999886,24.713011194168693,0.1553062985332119
2025-10-14T20:00:00+00:00,58.03,58.31,58.03,58.18,1071,0.28000000000000114,2.8126656051884447,1.411887746208824
2025-10-14T22:00:00+00:00,58.15,58.39,58.15,58.3,446,0.240000000000002,-5.3310265747818155,0.7082397650716818
2025-10-14T23:00:00+00:00,58.27,58.33,58.23,58.25,235,0.10000000000000142,-29.45172509865398,0.953206239168106
2025-10-15T00:00:00+00:00,58.26,58.26,58.15,58.22,665,0.10999999999999943,-40.333068403148,0.4832585433206785
2025-10-15T01:00:00+00:00,58.21,58.27,58.12,58.22,686,0.15000000000000568,-43.209295262755134,0.6221914967162105
2025-10-15T02:00:00+00:00,58.22,58.32,58.05,58.05,715,0.2700000000000031,-46.327404490338594,-0.08605851979346689
2025-10-15T03:00:00+00:00,58.05,58.24,57.95,58.1,653,0.28999999999999915,-43.81899046247177,-0.27463096464125747
2025-10-15T04:00:00+00:00,58.1,58.15,58.04,58.11,229,0.10999999999999943,-52.032830416062325,-0.4624871531346405
2025-10-15T05:00:00+00:00,58.11,58.23,58.1,58.19,561,0.12999999999999545,-53.51500637958072,-0.376647834274951
2025-10-15T06:00:00+00:00,58.17,58.42,58.16,58.34,2758,0.2600000000000051,-47.597495958100424,0.5168849069607241
2025-10-15T07:00:00+00:00,58.32,58.33,58.05,58.26,2497,0.28000000000000114,-41.550075968093644,0.13750429700927863
2025-10-15T08:00:00+00:00,58.26,58.45,58.11,58.21,3375,0.3400000000000034,-38.67800185920805,-0.1543739279588273
2025-10-15T09:00:00+00:00,58.22,58.39,58.11,58.26,2376,0.28000000000000114,-33.61689341992832,0.01716738197424551
2025-10-15T10:00:00+00:00,58.26,58.38,58.14,58.28,2341,0.240000000000002,-29.564139441890454,0.10305736860185895
2025-10-15T11:00:00+00:00,58.27,58.45,58.16,58.38,1886,0.29000000000000625,-16.863778861152234,0.2748196496049531
2025-10-15T12:00:00+00:00,58.38,58.93,58.34,58.84,5998,0.5899999999999963,15.839299635056431,1.3608957795004415
2025-10-15T13:00:00+00:00,58.83,58.85,58.36,58.43,10231,0.490000000000002,38.47163492915897,0.5679862306368302
2025-10-15T14:00:00+00:00,58.44,58.5,58.19,58.19,6228,0.3100000000000023,33.952001958135945,0.1376699363276515
2025-10-15T15:00:00+00:00,58.21,58.26,57.86,57.95,9498,0.3999999999999986,34.74984982668176,-0.4124420003436929
2025-10-15T16:00:00+00:00,57.95,58.1,57.78,58.09,5412,0.3200000000000003,48.031487262820896,-0.42852245457661975
2025-10-15T17:00:00+00:00,58.09,58.15,57.8,57.92,6363,0.3500000000000014,61.29205216945497,-0.5835907998626783
2025-10-15T18:00:00+00:00,57.92,58.14,57.78,58.11,7180,0.35999999999999943,56.47449260044034,-0.17179178835251918
2025-10-15T19:00:00+00:00,58.13,58.21,58.0,58.03,1696,0.21000000000000085,38.76428145625566,-0.3947820116718107
2025-10-15T20:00:00+00:00,58.02,58.36,58.02,58.3,2015,0.3399999999999963,29.309005337758443,0.03431708991076874
2025-10-15T22:00:00+00:00,58.34,58.39,58.2,58.2,688,0.18999999999999773,17.19579969731526,-0.30832476875642295
2025-10-15T23:00:00+00:00,58.2,58.23,58.1,58.23,535,0.12999999999999545,6.407818721891728,-1.0367097212780532
2025-10-16T00:00:00+00:00,58.23,58.53,58.23,58.34,1385,0.30000000000000426,5.810663832175312,-0.1540304638028347
2025-10-16T01:00:00+00:00,58.33,58.4,58.21,58.25,723,0.18999999999999773,-18.78149201406996,0.10311050008592934
2025-10-16T02:00:00+00:00,58.26,58.32,58.19,58.25,504,0.13000000000000256,-32.63110372411291,0.5176876617773895
2025-10-16T03:00:00+00:00,58.25,58.39,58.2,58.38,879,0.18999999999999773,-33.62650274224803,0.49922533998966967
2025-10-16T04:00:00+00:00,58.37,58.41,58.34,58.35,340,0.06999999999999318,-43.65762955460422,0.7424033149171265
2025-10-16T05:00:00+00:00,58.36,58.39,58.17,58.29,1254,0.21999999999999886,-41.58378624371489,0.309757356737222
2025-10-16T06:00:00+00:00,58.3,58.46,58.25,58.36,960,0.21000000000000085,-41.29453830703303,0.5686713768740278
2025-10-16T07:00:00+00:00,58.36,58.63,58.23,58.56,4038,0.4000000000000057,-31.50921638575212,0.445969125214417
2025-10-16T08:00:00+00:00,58.55,58.58,58.13,58.21,4388,0.44999999999999574,-14.380371741742573,0.01718213058418902
2025-10-16T09:00:00+00:00,58.21,58.33,58.01,58.05,3577,0.3200000000000003,-12.777379596886803,-0.3091190108191649
2025-10-16T10:00:00+00:00,58.04,58.22,58.0,58.19,3469,0.21999999999999886,-9.516986483477256,-0.2571134727459816
2025-10-16T11:00:00+00:00,58.2,58.46,58.18,58.19,3522,0.28000000000000114,1.36543185123092,-0.10300429184549748
2025-10-16T12:00:00+00:00,58.19,58.24,58.07,58.09,4024,0.1700000000000017,-7.452194724172346,-0.274678111587977
2025-10-16T13:00:00+00:00,58.09,58.21,57.82,57.97,10362,0.39000000000000057,7.4793769890159885,-0.7022953066118597
2025-10-16T14:00:00+00:00,57.98,58.0,57.77,57.89,8407,0.22999999999999687,14.40513122634181,-0.7883461868037718
2025-10-16T15:00:00+00:00,57.91,58.17,57.26,57.65,18048,0.9100000000000037,69.52911317478467,-1.0979584834448457
2025-10-16T16:00:00+00:00,57.66,57.98,57.04,57.31,20505,0.9399999999999977,144.3286111852735,-1.7991775188485215
2025-10-16T17:00:00+00:00,57.31,57.45,56.9,56.95,15870,0.5500000000000043,145.44423003007577,-2.749316939890709
2025-10-16T18:00:00+00:00,56.95,57.22,56.78,57.13,17033,0.4399999999999977,138.7393986888025,-1.8553513142071778
2025-10-16T19:00:00+00:00,57.12,57.15,56.95,57.05,3123,0.19999999999999574,81.56719488400567,-1.7226528854435832
2025-10-16T20:00:00+00:00,57.06,57.08,56.88,56.95,2246,0.19999999999999574,41.24770362222965,-2.130950335109117
2025-10-16T22:00:00+00:00,57.03,57.09,56.97,57.02,1426,0.12000000000000455,20.13061071333052,-2.010654751675536
2025-10-16T23:00:00+00:00,57.03,57.03,56.91,56.93,567,0.12000000000000455,10.551721650986549,-1.9969013599586911
2025-10-17T00:00:00+00:00,56.94,56.99,56.86,56.98,1895,0.13000000000000256,-1.3195450682942338,-1.7077798861480111
2025-10-17T01:00:00+00:00,56.98,56.98,56.63,56.65,2812,0.3499999999999943,11.628976780500508,-2.141993435826571
2025-10-17T02:00:00+00:00,56.64,56.88,56.51,56.82,2313,0.37000000000000455,7.389528901104798,-1.4397224631396328
2025-10-17T03:00:00+00:00,56.83,56.92,56.73,56.83,1769,0.19000000000000483,3.5675427416584826,-0.8375501657651439
2025-10-17T04:00:00+00:00,56.83,57.01,56.79,56.81,2747,0.21999999999999886,-30.34898869383707,-0.24582967515364454
2025-10-17T05:00:00+00:00,56.81,56.89,56.77,56.8,1530,0.11999999999999744,-50.28016351274399,-0.5776299667425264
2025-10-17T06:00:00+00:00,56.8,56.96,56.56,56.59,3684,0.3999999999999986,-45.670366224304786,-0.8063102541630041
2025-10-17T07:00:00+00:00,56.58,56.8,56.45,56.69,8628,0.3499999999999943,-41.53961689909083,-0.456540825285347
2025-10-17T08:00:00+00:00,56.69,56.75,56.26,56.34,7737,0.490000000000002,-25.979026643268554,-1.192564012627148
2025-10-17T09:00:00+00:00,56.33,56.54,56.15,56.37,10668,0.39000000000000057,-14.785892724421062,-0.9836641489548609
2025-10-17T10:00:00+00:00,56.37,56.83,56.28,56.65,10352,0.5499999999999972,8.921339218424826,-0.5791505791505762
2025-10-17T11:00:00+00:00,56.65,57.09,56.61,57.05,13780,0.480000000000004,29.896872421496397,0.7060900264783735
2025-10-17T12:00:00+00:00,57.04,57.29,56.96,57.16,12516,0.3299999999999983,40.69330815445865,0.5983808518127355
2025-10-17T13:00:00+00:00,57.16,57.2,56.71,56.91,24739,0.490000000000002,40.53885876116656,0.14077071969030144
2025-10-17T14:00:00+00:00,56.91,57.13,56.82,57.03,15415,0.3100000000000023,27.8539251762333,0.3872557648301335
2025-10-17T15:00:00+00:00,57.02,57.24,56.78,57.09,15390,0.46000000000000085,41.909111010679275,0.5105633802817011
2025-10-17T16:00:00+00:00,57.08,57.21,56.76,56.85,8840,0.45000000000000284,51.19698870362067,0.45944513164869766
2025-10-17T17:00:00+00:00,56.85,57.2,56.75,57.01,9774,0.45000000000000284,71.33072384797477,0.5644734521079561
2025-10-17T18:00:00+00:00,57.01,57.32,57.0,57.16,17715,0.3200000000000003,46.83495783507037,1.455449059282913
2025-10-17T19:00:00+00:00,57.17,57.25,57.08,57.13,4049,0.1700000000000017,24.932048732777705,1.3482348767074777
2025-10-17T20:00:00+00:00,57.13,57.31,57.12,57.25,2493,0.19000000000000483,1.1442354282339315,1.0591350397175665
2025-10-19T22:00:00+00:00,57.32,57.43,57.09,57.15,2741,0.3399999999999963,-1.8124004143712318,0.1752848378615275
2025-10-19T23:00:00+00:00,57.15,57.22,56.94,56.95,917,0.28000000000000114,-14.452935567459454,-0.36738978306506953
2025-10-20T00:00:00+00:00,56.95,57.03,56.89,56.99,1395,0.14000000000000057,-26.963936996963223,0.14057283429978107
2025-10-20T01:00:00+00:00,56.98,57.07,56.76,56.89,2094,0.3100000000000023,-23.678833678324686,-0.24548483254427594
2025-10-20T02:00:00+00:00,56.89,57.04,56.88,56.94,919,0.1599999999999966,-33.36954950508259,-0.26274303730952125
2025-10-20T03:00:00+00:00,56.95,57.02,56.91,56.97,920,0.11000000000000654,-37.93138647132998,0.21108179419524614
2025-10-20T04:00:00+00:00,56.96,57.0,56.9,56.98,676,0.10000000000000142,-46.39570316821044,-0.052622346956676266
2025-10-20T05:00:00+00:00,56.98,56.99,56.81,56.82,1209,0.17999999999999972,-49.12476189199731,-0.5948215535339334
2025-10-20T06:00:00+00:00,56.81,56.85,56.57,56.62,3613,0.28000000000000114,-46.89049582148197,-0.8927008576929898
2025-10-20T07:00:00+00:00,56.62,56.9,56.59,56.67,5349,0.30999999999999517,-40.495113643386546,-1.0131004366812197
2025-10-20T08:00:00+00:00,56.67,56.98,56.64,56.94,6630,0.3399999999999963,-28.319869531155227,-0.3674540682414713
2025-10-20T09:00:00+00:00,56.95,57.09,56.8,56.85,4598,0.29000000000000625,-19.751320458231234,-0.17559262510974788
2025-10-20T10:00:00+00:00,56.86,57.05,56.68,56.74,4014,0.36999999999999744,-14.379687236613348,-0.43867345148271625
2025-10-20T11:00:00+00:00,56.74,56.78,56.54,56.74,5491,0.240000000000002,-14.364735391586853,-0.26366672525926976
2025-10-20T12:00:00+00:00,56.73,56.83,56.53,56.58,7222,0.29999999999999716,-2.9642146127306734,-0.6322444678609053
2025-10-20T13:00:00+00:00,56.57,56.77,55.96,56.56,33577,0.8100000000000023,28.808452090674464,-0.7196770229945526
2025-10-20T14:00:00+00:00,56.56,56.76,56.37,56.57,13937,0.39000000000000057,41.30873108089506,-0.7195507195507136
2025-10-20T15:00:00+00:00,56.57,56.89,56.33,56.49,17510,0.5600000000000023,72.10364734132057,-0.5807814149947171
2025-10-20T16:00:00+00:00,56.48,56.68,56.48,56.61,8184,0.20000000000000284,74.47807661671918,-0.01766160367361005
2025-10-20T17:00:00+00:00,56.62,57.0,56.54,56.91,12106,0.46000000000000085,87.26572111618503,0.4235044997353006
2025-10-20T18:00:00+00:00,56.92,57.08,56.83,56.91,17834,0.25,64.66276824146658,-0.05268703898841085
2025-10-20T19:00:00+00:00,56.91,57.03,56.81,56.99,4443,0.21999999999999886,42.37275778281234,0.2462620932277934
2025-10-20T20:00:00+00:00,57.0,57.03,56.85,56.93,2391,0.17999999999999972,20.748631145814258,0.33486076841733825
2025-10-20T22:00:00+00:00,56.95,56.99,56.89,56.94,503,0.10000000000000142,3.3814959343824085,0.35248501938666854
2025-10-20T23:00:00+00:00,56.93,56.97,56.9,56.97,282,0.07000000000000028,-16.799041078195618,0.6892895015906692
2025-10-21T00:00:00+00:00,56.97,57.02,56.86,56.98,1034,0.1600000000000037,-19.432206228264253,0.742574257425733
2025-10-21T01:00:00+00:00,56.97,56.99,56.6,56.81,2068,0.39000000000000057,-9.758683202814424,0.4242531377055011
2025-10-21T02:00:00+00:00,56.81,56.91,56.77,56.82,1134,0.13999999999999346,-38.38624778633461,0.5841741901221424
2025-10-21T03:00:00+00:00,56.81,56.86,56.78,56.85,572,0.0799999999999983,-46.09652440279818,0.4239533651298392
2025-10-21T04:00:00+00:00,56.84,56.92,56.8,56.88,1114,0.12000000000000455,-54.13995822189956,-0.052714812862403856
2025-10-21T05:00:00+00:00,56.87,57.12,56.86,57.01,2322,0.259999999999998,-45.93071286099672,0.17571604287471698
2025-10-21T06:00:00+00:00,57.03,57.2,56.86,56.88,3334,0.3400000000000034,-41.65959807558132,-0.19301631865239416
2025-10-21T07:00:00+00:00,56.88,56.88,56.68,56.73,5503,0.20000000000000284,-38.95025081556938,-0.35130862462673956
2025-10-21T08:00:00+00:00,56.73,57.28,56.72,57.19,7114,0.5600000000000023,-16.004664756837634,0.43905865823674045
2025-10-21T09:00:00+00:00,57.18,57.38,56.96,57.36,6125,0.4200000000000017,-0.17289871746732505,0.6845708267509225
2025-10-21T10:00:00+00:00,57.36,57.62,57.33,57.52,8455,0.28999999999999915,12.59728021282973,0.9477009477009588
2025-10-21T11:00:00+00:00,57.51,57.67,57.33,57.39,6879,0.3400000000000034,32.868571691947245,1.0209470163703542
2025-10-21T12:00:00+00:00,57.38,57.77,57.36,57.46,7955,0.4100000000000037,49.127411490094666,1.1263639563533978
2025-10-21T13:00:00+00:00,57.45,57.45,56.41,56.41,29212,1.0400000000000063,82.26306485872499,-0.7739665787159276
2025-10-21T14:00:00+00:00,56.41,57.03,56.35,56.82,20388,0.6799999999999997,115.66483661942364,-0.10548523206751455
2025-10-21T15:00:00+00:00,56.83,57.44,56.75,57.34,22344,0.6899999999999977,161.84128482217125,0.5788458165234265
2025-10-21T16:00:00+00:00,57.35,58.08,57.18,57.2,34510,0.8999999999999986,218.33672996328443,0.5625879043600567
2025-10-21T17:00:00+00:00,57.2,57.51,56.97,57.22,14181,0.5399999999999991,192.38160177326014,0.8637405252952618
2025-10-21T18:00:00+00:00,57.23,57.36,57.11,57.32,14419,0.25,132.70282362394238,0.22731246721455245
2025-10-21T19:00:00+00:00,57.31,57.43,57.29,57.4,2877,0.14000000000000057,106.03328687145644,0.06973500697349921
2025-10-21T20:00:00+00:00,57.41,57.61,57.41,57.58,3029,0.20000000000000284,44.82628536648028,0.10431154381083999
2025-10-21T22:00:00+00:00,57.59,57.64,57.53,57.57,771,0.10999999999999943,15.429275400465187,0.3136434918975426
2025-10-21T23:00:00+00:00,57.58,57.63,57.52,57.53,502,0.10999999999999943,2.0260198316393128,0.12182387747998658
2025-10-22T00:00:00+00:00,57.54,57.56,57.4,57.43,1748,0.1600000000000037,-8.890861041910474,1.8081900372274478
2025-10-22T01:00:00+00:00,57.43,57.5,57.34,57.43,1495,0.1599999999999966,-20.68474162571342,1.0735656458993301
2025-10-22T02:00:00+00:00,57.43,57.76,57.42,57.71,1600,0.3399999999999963,-39.914880615633244,0.645273805371464
2025-10-22T03:00:00+00:00,57.71,58.38,57.7,58.18,7665,0.6799999999999997,-30.019853561279675,1.7132867132867078
2025-10-22T04:00:00+00:00,58.17,58.27,58.14,58.21,1623,0.13000000000000256,-42.0454030077244,1.7301642782244004
2025-10-22T05:00:00+00:00,58.2,58.35,58.19,58.25,3097,0.1600000000000037,-53.00015250777608,1.6224703419399855
2025-10-22T06:00:00+00:00,58.25,58.5,58.2,58.31,4596,0.29999999999999716,-51.57447932413718,1.585365853658543
2025-10-22T07:00:00+00:00,58.3,58.34,58.05,58.16,7687,0.29000000000000625,-45.75195686169037,1.00729419937478
2025-10-22T08:00:00+00:00,58.16,58.42,58.1,58.25,7295,0.3200000000000003,-36.043802284746796,1.181170748653812
2025-10-22T09:00:00+00:00,58.25,58.32,58.05,58.15,4294,0.2700000000000031,-29.747888435887248,1.0776985920389317
2025-10-22T10:00:00+00:00,58.15,58.39,57.92,58.29,7055,0.46999999999999886,-9.675082640878403,1.4974751871843974
2025-10-22T11:00:00+00:00,58.3,58.53,58.18,58.33,8312,0.3500000000000014,4.975820005935136,1.567125195890647
2025-10-22T12:00:00+00:00,58.33,58.61,58.18,58.2,10299,0.4299999999999997,21.77621693739617,0.8490729509617085
2025-10-22T13:00:00+00:00,58.2,58.82,58.14,58.73,20799,0.6799999999999997,55.55848449801665,0.9453420419388058
2025-10-22T14:00:00+00:00,58.73,58.78,58.43,58.58,18281,0.3500000000000014,43.750114790461645,0.6356296169043075
2025-10-22T15:00:00+00:00,58.58,58.92,58.31,58.75,23675,0.6099999999999994,24.605058062004602,0.8583690987124464
2025-10-22T16:00:00+00:00,58.75,58.84,58.25,58.68,18660,0.5900000000000034,49.7741932837001,0.634539530097749
2025-10-22T17:00:00+00:00,58.68,58.74,58.39,58.42,10868,0.3500000000000014,56.88804344305775,0.4470426409903802
2025-10-22T18:00:00+00:00,58.43,58.63,58.38,58.57,16682,0.25,42.82667112552878,0.5493562231759661
2025-10-22T19:00:00+00:00,58.58,59.83,58.56,59.39,30561,1.269999999999996,97.19900913427448,2.1324161650902873
2025-10-22T20:00:00+00:00,59.39,59.69,58.82,59.38,16686,0.8699999999999974,112.06183300649226,1.8699605421170071
2025-10-22T22:00:00+00:00,59.94,59.98,59.64,59.79,5845,0.3399999999999963,97.39314750319251,2.5030001714383694
2025-10-22T23:00:00+00:00,59.8,60.16,59.78,60.07,4314,0.37999999999999545,66.3978958551238,3.213058419243982
2025-10-23T00:00:00+00:00,60.08,60.26,59.9,59.96,6866,0.35999999999999943,54.014474878629436,2.094329984675641
2025-10-23T01:00:00+00:00,59.95,59.99,59.72,59.81,5567,0.2700000000000031,33.36218775567556,2.099692727893486
2025-10-23T02:00:00+00:00,59.81,60.14,59.76,60.07,4159,0.38000000000000256,9.778623158530248,2.2468085106382985
2025-10-23T03:00:00+00:00,60.07,60.42,59.98,60.24,7693,0.44000000000000483,12.339639612489256,2.658486707566466
2025-10-23T04:00:00+00:00,60.23,60.61,60.23,60.46,5567,0.38000000000000256,-0.4232616544394079,3.4919548099965754
2025-10-23T05:00:00+00:00,60.45,60.9,60.44,60.88,7490,0.46000000000000085,-5.42929210803991,3.9439986341130306
2025-10-23T06:00:00+00:00,60.89,60.89,60.38,60.45,10063,0.509999999999998,1.9252772160163225,1.7848122579558887
2025-10-23T07:00:00+00:00,60.46,60.68,60.39,60.43,10799,0.28999999999999915,3.4951574051245458,1.7682721455035317
2025-10-23T08:00:00+00:00,60.43,61.35,60.4,61.34,26836,0.9500000000000028,-8.24474027928458,2.59240675698278
2025-10-23T09:00:00+00:00,61.34,61.8,61.31,61.77,23494,0.4899999999999949,-17.286233908105945,2.8300316297652786
2025-10-23T10:00:00+00:00,61.76,61.88,61.47,61.62,19886,0.4100000000000037,-13.171548829040628,2.768512341561035
2025-10-23T11:00:00+00:00,61.62,62.08,61.32,61.59,23928,0.759999999999998,1.453171039262902,2.9760909546898526
2025-10-23T12:00:00+00:00,61.59,61.75,61.11,61.73,29226,0.6400000000000006,11.387208015079183,2.7634426502413794
2025-10-23T13:00:00+00:00,61.72,62.12,61.12,61.66,57453,1.0,38.99261984384972,2.3572377158034437
2025-10-23T14:00:00+00:00,61.66,61.67,61.29,61.44,20947,0.38000000000000256,32.950906969237906,1.6209063843863658
2025-10-23T15:00:00+00:00,61.44,62.05,61.23,62.04,34795,0.8200000000000003,42.55681934538509,1.9053876478317946
2025-10-23T16:00:00+00:00,62.04,62.2,61.72,62.02,20098,0.480000000000004,39.96561308202363,2.5971877584780816
2025-10-23T17:00:00+00:00,62.02,62.09,61.47,61.68,23425,0.6200000000000045,38.975792039081185,2.068509018699322
2025-10-23T18:00:00+00:00,61.69,61.86,61.57,61.71,22314,0.28999999999999915,22.094777745409207,0.6031953048581634
2025-10-23T19:00:00+00:00,61.72,61.8,61.56,61.63,4680,0.23999999999999488,17.177139832566716,-0.22664723976040238
2025-10-23T20:00:00+00:00,61.62,61.77,61.58,61.75,3044,0.19000000000000483,-15.23863446121165,0.21097046413502524
2025-10-23T22:00:00+00:00,61.79,61.8,61.6,61.73,817,0.19999999999999574,-22.874108186551698,0.22730962818638326
2025-10-23T23:00:00+00:00,61.72,61.73,61.57,61.67,555,0.1599999999999966,-28.62287937846138,-0.09719747286569767
2025-10-24T00:00:00+00:00,61.67,61.73,61.44,61.61,2998,0.28999999999999915,-37.085486399906145,-0.08108984755108199
2025-10-24T01:00:00+00:00,61.6,61.6,61.26,61.27,2756,0.3400000000000034,-39.11908140232458,-0.27669270833332454
2025-10-24T02:00:00+00:00,61.28,61.44,61.21,61.41,2197,0.22999999999999687,-49.878472589389496,-1.0154738878143175
2025-10-24T03:00:00+00:00,61.4,61.57,61.33,61.42,1997,0.240000000000002,-48.35917464167447,-0.9674298613350554
2025-10-24T04:00:00+00:00,61.42,61.59,61.41,61.52,1492,0.18000000000000682,-55.3394324094968,-0.25940337224383364
2025-10-24T05:00:00+00:00,61.52,61.59,61.47,61.49,1820,0.12000000000000455,-58.170307852869286,-0.3565062388591782
2025-10-24T06:00:00+00:00,61.5,61.67,61.38,61.44,4916,0.28999999999999915,-57.254525415865665,-0.3082914165179374
2025-10-24T07:00:00+00:00,61.44,62.0,61.36,61.98,7148,0.6400000000000006,-40.217220630011695,0.37246963562752533
2025-10-24T08:00:00+00:00,61.97,62.13,61.65,61.68,10039,0.480000000000004,-27.836773665362436,-0.08099789405474997
2025-10-24T09:00:00+00:00,61.68,61.82,61.61,61.68,5446,0.21000000000000085,-24.81725365075984,0.016215339711363727
2025-10-24T10:00:00+00:00,61.67,61.92,61.65,61.91,6228,0.2700000000000031,-19.31695439116945,0.48693393929556433
2025-10-24T11:00:00+00:00,61.91,62.47,61.87,62.44,14347,0.6000000000000014,4.961739214651476,1.9095805451281125
2025-10-24T12:00:00+00:00,62.45,62.59,61.71,61.8,15888,0.8800000000000026,35.6293033610601,0.6350757205666839
2025-10-24T13:00:00+00:00,61.81,62.17,61.76,62.09,21138,0.4100000000000037,32.90283931564853,1.0908498860306117
2025-10-24T14:00:00+00:00,62.1,62.39,61.92,62.18,20504,0.46999999999999886,42.21482918275413,1.0728218465539607
2025-10-24T15:00:00+00:00,62.19,62.4,62.11,62.27,16409,0.28999999999999915,39.16722249782294,1.2684989429175495
2025-10-24T16:00:00+00:00,62.27,62.31,61.9,61.91,13524,0.4100000000000037,49.40691467440084,0.7649739583333315
2025-10-24T17:00:00+00:00,61.92,61.93,61.5,61.54,19146,0.4299999999999997,67.38624078409677,-0.7099064214262629
2025-10-24T18:00:00+00:00,61.55,61.7,61.42,61.57,22083,0.28000000000000114,53.03032486890138,-0.17833981841763852
2025-10-24T19:00:00+00:00,61.56,61.59,61.41,61.49,4171,0.18000000000000682,8.883046957259205,-0.3080415045395553
2025-10-24T20:00:00+00:00,61.48,61.49,61.38,61.44,2184,0.10999999999999943,-12.153655498541301,-0.7591665320626698
2025-10-26T22:00:00+00:00,61.82,62.17,61.77,62.02,3834,0.3999999999999986,-0.2783299803019825,-0.6726457399103053
2025-10-26T23:00:00+00:00,62.02,62.06,61.86,61.92,1164,0.20000000000000284,-4.224338309499983,0.19417475728156075
2025-10-27T00:00:00+00:00,61.92,62.02,61.75,61.76,2014,0.2700000000000031,-19.188964565295745,-0.5314865517796833
2025-10-27T01:00:00+00:00,61.76,61.79,61.53,61.55,3617,0.259999999999998,-36.91065942346173,-1.0131875201029312
2025-10-27T02:00:00+00:00,61.56,61.76,61.54,61.75,1383,0.21999999999999886,-38.46176192172984,-0.8350730688935332
2025-10-27T03:00:00+00:00,61.74,61.75,61.51,61.52,1436,0.240000000000002,-40.42342930511688,-0.629946696817951
2025-10-27T04:00:00+00:00,61.52,61.78,61.49,61.76,1210,0.28999999999999915,-35.420737106457366,0.35749106272343006
2025-10-27T05:00:00+00:00,61.76,61.89,61.71,61.86,1638,0.17999999999999972,-39.063458241984414,0.4710086080883533
2025-10-27T06:00:00+00:00,61.87,61.96,61.7,61.73,1957,0.259999999999998,-39.15030638853337,0.3903073670515448
2025-10-27T07:00:00+00:00,61.73,61.82,61.37,61.63,6007,0.45000000000000284,-26.380625723370038,0.30924479166667457
2025-10-27T08:00:00+00:00,61.63,61.64,60.71,60.71,14831,0.9299999999999997,14.068145186246724,-2.1122218639148698
2025-10-27T09:00:00+00:00,60.71,61.02,60.67,60.82,9077,0.3500000000000014,27.098278980425057,-1.7764857881136975
2025-10-27T10:00:00+00:00,60.82,61.18,60.77,60.91,6563,0.4099999999999966,21.661674705193732,-1.376295336787567
2025-10-27T11:00:00+00:00,60.9,61.5,60.89,61.45,7600,0.6099999999999994,43.47770182651576,-0.16246953696181043
2025-10-27T12:00:00+00:00,61.45,61.57,61.21,61.56,8045,0.35999999999999943,41.812844038963426,-0.307692307692304
2025-10-27T13:00:00+00:00,61.57,61.88,61.34,61.82,20605,0.5399999999999991,52.47792395698815,0.48764629388816183
2025-10-27T14:00:00+00:00,61.83,61.99,61.48,61.9,14758,0.5100000000000051,63.856270398547586,0.22668393782383514
2025-10-27T15:00:00+00:00,61.91,62.03,61.57,61.67,17098,0.46000000000000085,68.32044253415651,-0.3071451665050076
2025-10-27T16:00:00+00:00,61.67,61.75,61.46,61.59,15993,0.28999999999999915,55.22777270593816,-0.22679410335330222
2025-10-27T17:00:00+00:00,61.59,61.71,61.34,61.46,8672,0.36999999999999744,61.61571141100913,-0.27583968846341345
2025-10-27T18:00:00+00:00,61.46,61.52,61.12,61.42,15414,0.4000000000000057,60.19341442797938,1.1694943172459247
2025-10-27T19:00:00+00:00,61.41,61.5,61.32,61.41,2562,0.17999999999999972,26.641945595943966,0.9700756330154494
2025-10-27T20:00:00+00:00,61.42,61.63,61.37,61.55,2042,0.2600000000000051,-14.166707392189299,1.0507305861106562
2025-10-27T22:00:00+00:00,61.5,61.5,61.34,61.35,555,0.1599999999999966,-20.578251591584575,-0.16273393002441242
2025-10-27T23:00:00+00:00,61.35,61.36,61.26,61.29,622,0.10000000000000142,-30.82543385101558,-0.43859649122807526
2025-10-28T00:00:00+00:00,61.3,61.31,61.1,61.13,1643,0.21000000000000085,-39.615089332180155,-1.1161436428340306
2025-10-28T01:00:00+00:00,61.12,61.38,61.11,61.36,1704,0.2700000000000031,-37.35993239791078,-0.8723747980613881
2025-10-28T02:00:00+00:00,61.35,61.39,61.19,61.29,1211,0.20000000000000284,-43.00564642038473,-0.6161829090319484
2025-10-28T03:00:00+00:00,61.29,61.33,61.25,61.26,444,0.0799999999999983,-51.38682268909412,-0.5358012664393658
2025-10-28T04:00:00+00:00,61.24,61.28,61.13,61.17,998,0.14999999999999858,-54.31222159086857,-0.4718516108037734
2025-10-28T05:00:00+00:00,61.17,61.29,61.08,61.2,1645,0.21000000000000085,-51.01276573656772,-0.35818951481601896
2025-10-28T06:00:00+00:00,61.21,61.3,61.06,61.1,1900,0.23999999999999488,-48.44955521958161,-0.5048037778863299
2025-10-28T07:00:00+00:00,61.1,61.33,60.49,60.54,8486,0.8399999999999963,-20.593025675619916,-1.6409423233143754
2025-10-28T08:00:00+00:00,60.54,60.58,59.93,60.23,16199,0.6499999999999986,4.244395791627877,-1.825590872045647
2025-10-28T09:00:00+00:00,60.23,60.38,60.08,60.36,8799,0.30000000000000426,5.744873973777179,-1.5173764072442482
2025-10-28T10:00:00+00:00,60.37,60.66,60.28,60.43,6846,0.37999999999999545,17.864591060949113,-1.1451006052674673
2025-10-28T11:00:00+00:00,60.43,60.67,60.32,60.49,6204,0.3500000000000014,33.10526475413247,-1.4178617992177271
2025-10-28T12:00:00+00:00,60.49,60.65,60.07,60.27,11191,0.5799999999999983,53.73974878354889,-1.6642192853646531
2025-10-28T13:00:00+00:00,60.27,60.77,60.27,60.58,18779,0.5,59.54929173732435,-1.1100228534116874
2025-10-28T14:00:00+00:00,60.57,60.7,59.96,60.0,18525,0.740000000000002,89.70588622823615,-1.9127023050514984
2025-10-28T15:00:00+00:00,60.0,60.18,59.76,59.9,17975,0.4200000000000017,111.65726017155026,-2.124183006535955
2025-10-28T16:00:00+00:00,59.89,60.26,59.85,60.07,19339,0.4099999999999966,119.70351128887249,-1.685761047463177
2025-10-28T17:00:00+00:00,60.08,60.31,60.05,60.23,8374,0.2600000000000051,102.20351835670473,-0.5120581433762839
2025-10-28T18:00:00+00:00,60.24,60.27,59.92,60.0,17042,0.3500000000000014,90.75300009227597,-0.38186950024904015
2025-10-28T19:00:00+00:00,60.01,60.06,59.88,59.96,3541,0.17999999999999972,12.027350905469735,-0.6626905235255112
2025-10-28T20:00:00+00:00,59.96,60.24,59.88,60.18,3627,0.35999999999999943,-5.27263050821871,-0.4137018037398643
2025-10-28T22:00:00+00:00,60.18,60.25,60.13,60.16,860,0.11999999999999744,-13.315834623095357,-0.5455447181352379
2025-10-28T23:00:00+00:00,60.17,60.28,60.14,60.23,499,0.14000000000000057,-22.554329158619915,-0.06636801061889207
2025-10-29T00:00:00+00:00,60.23,60.31,60.17,60.2,1247,0.14000000000000057,-29.018862802827588,-0.6272697259821648
2025-10-29T01:00:00+00:00,60.19,60.41,60.18,60.32,1709,0.22999999999999687,-37.13456030662813,0.5333333333333339
2025-10-29T02:00:00+00:00,60.32,60.34,59.95,60.04,2149,0.39000000000000057,-33.8891806568473,0.23372287145242165
2025-10-29T03:00:00+00:00,60.04,60.17,60.01,60.16,1486,0.1600000000000037,-46.323081401485574,0.14982520392874366
2025-10-29T04:00:00+00:00,60.16,60.16,60.01,60.01,682,0.14999999999999858,-49.24005102235089,-0.36526647849908495
2025-10-29T05:00:00+00:00,60.01,60.21,59.99,60.12,1585,0.21999999999999886,-48.76959514502845,0.19999999999999576
2025-10-29T06:00:00+00:00,60.11,60.37,60.11,60.36,2130,0.259999999999998,-43.32004076222823,0.6671114076050677
2025-10-29T07:00:00+00:00,60.36,60.52,60.24,60.27,4677,0.28000000000000114,-39.69852471225991,0.14955134596211933
2025-10-29T08:00:00+00:00,60.28,60.29,59.7,59.74,12357,0.5899999999999963,-15.910899058502558,-0.6981382978723315
2025-10-29T09:00:00+00:00,59.73,60.37,59.72,60.18,7913,0.6499999999999986,1.3153769524173842,-0.08301510874978775
2025-10-29T10:00:00+00:00,60.19,60.4,60.08,60.37,6303,0.3200000000000003,12.529164454453639,0.2823920265780641
2025-10-29T11:00:00+00:00,60.37,60.52,60.29,60.38,6395,0.23000000000000398,17.09287228030086,0.09946949602122393
2025-10-29T12:00:00+00:00,60.38,60.38,60.03,60.19,7647,0.3500000000000014,30.02294285998414,0.24983344437041738
2025-10-29T13:00:00+00:00,60.17,60.49,60.05,60.37,16511,0.44000000000000483,40.037644020557714,0.3490691489361717
2025-10-29T14:00:00+00:00,60.36,60.91,60.36,60.88,25210,0.5499999999999972,40.28760567559223,1.4497583736044068
2025-10-29T15:00:00+00:00,60.88,60.99,60.76,60.85,15983,0.23000000000000398,40.67739508543908,1.214238190286101
2025-10-29T16:00:00+00:00,60.86,61.02,60.58,60.63,15545,0.44000000000000483,58.11940008932957,0.4473161033797269
2025-10-29T17:00:00+00:00,60.63,60.7,60.5,60.64,10411,0.20000000000000284,46.69379006633283,0.6139040982246514
2025-10-29T18:00:00+00:00,60.65,60.7,60.31,60.47,18250,0.39000000000000057,47.345587637359905,1.221961834616667
2025-10-29T19:00:00+00:00,60.47,60.58,60.28,60.34,4412,0.29999999999999716,39.06275837342063,0.2658690594882082
2025-10-29T20:00:00+00:00,60.33,60.43,60.31,60.36,1942,0.11999999999999744,-2.0942008120254454,-0.016564518800725545
2025-10-29T22:00:00+00:00,60.39,60.47,60.17,60.18,987,0.29999999999999716,-18.563583435532685,-0.3312355084465102
2025-10-29T23:00:00+00:00,60.18,60.24,60.13,60.23,828,0.10999999999999943,-26.126918993968225,0.06645622196377994
2025-10-30T00:00:00+00:00,60.24,60.43,60.23,60.39,1666,0.20000000000000284,-24.50830300138213,0.03312903760146286
2025-10-30T01:00:00+00:00,60.38,60.41,60.21,60.27,2267,0.19999999999999574,-27.940571470063958,-1.00197109067017
2025-10-30T02:00:00+00:00,60.27,60.28,60.07,60.09,3153,0.21000000000000085,-33.37269846279079,-1.248972884141328
2025-10-30T03:00:00+00:00,60.1,60.39,60.09,60.38,2114,0.29999999999999716,-36.445467190125306,-0.41233712683490015
2025-10-30T04:00:00+00:00,60.37,60.43,59.96,60.17,4894,0.46999999999999886,-20.249047889492523,-0.7750659630606841
2025-10-30T05:00:00+00:00,60.16,60.27,60.09,60.18,1894,0.17999999999999972,-28.48206457179641,-0.4795766495783019
2025-10-30T06:00:00+00:00,60.17,60.3,60.04,60.1,2934,0.259999999999998,-22.320914535340425,-0.3977461054027212
2025-10-30T07:00:00+00:00,60.09,60.23,59.84,59.9,4713,0.38999999999999346,-17.84121980624557,-0.762094102054342
2025-10-30T08:00:00+00:00,59.91,60.23,59.89,60.13,6533,0.3399999999999963,-12.892694683480737,-0.08308408109005842
2025-10-30T09:00:00+00:00,60.13,60.25,59.96,60.08,5180,0.28999999999999915,-1.7620142572031625,-0.24904532624937503
2025-10-30T10:00:00+00:00,60.08,60.29,59.98,60.09,5035,0.3100000000000023,-0.8430182299709962,-0.4967709885742626
2025-10-30T11:00:00+00:00,60.09,60.22,59.98,60.12,3917,0.240000000000002,8.058056785830537,-0.2488800398208158
2025-10-30T12:00:00+00:00,60.13,60.18,59.82,59.96,9289,0.35999999999999943,18.3100188744158,-0.21634215343651614
2025-10-30T13:00:00+00:00,59.96,60.11,59.64,59.86,18842,0.46999999999999886,35.61923288748717,-0.8612123219609193
2025-10-30T14:00:00+00:00,59.86,60.55,59.83,60.42,18255,0.7199999999999989,68.76079106939473,0.41548944656805714
2025-10-30T15:00:00+00:00,60.42,60.71,60.38,60.45,13937,0.3299999999999983,55.93464411952961,0.4486540378863462
2025-10-30T16:00:00+00:00,60.45,60.72,60.44,60.69,9374,0.28000000000000114,27.53134588507759,0.9816971713810254
2025-10-30T17:00:00+00:00,60.68,60.79,60.57,60.66,8396,0.21999999999999886,26.88764120826363,1.2687813021702805
2025-10-30T18:00:00+00:00,60.67,60.69,60.39,60.46,15986,0.29999999999999716,24.859536225271135,0.5488109096956566
2025-10-30T19:00:00+00:00,60.45,60.49,60.22,60.24,4211,0.2700000000000031,11.270711828013985,0.2663115845539343
2025-10-30T20:00:00+00:00,60.24,60.32,60.22,60.29,2726,0.10000000000000142,-5.635440598013786,0.3328340822100112
2025-10-30T22:00:00+00:00,60.3,60.3,60.2,60.25,631,0.09999999999999432,-16.244052312232945,0.21623419827013068
2025-10-30T23:00:00+00:00,60.24,60.3,60.22,60.28,539,0.0799999999999983,-27.13602697051895,0.5336891260840565
2025-10-31T00:00:00+00:00,60.29,60.3,60.18,60.26,993,0.11999999999999744,-30.588402028029073,0.6682258603407929
2025-10-31T01:00:00+00:00,60.26,60.39,60.24,60.3,1215,0.14999999999999858,-36.603732095488375,-0.1986097318768695
2025-10-31T02:00:00+00:00,60.3,60.32,60.13,60.23,1190,0.18999999999999773,-42.50798928545233,-0.36393713813069634
2025-10-31T03:00:00+00:00,60.24,60.24,60.11,60.13,970,0.13000000000000256,-55.320765451453056,-0.922722029988458
2025-10-31T04:00:00+00:00,60.12,60.18,60.1,60.16,472,0.0799999999999983,-58.46758444658921,-0.8242664029014178
2025-10-31T05:00:00+00:00,60.16,60.18,60.05,60.09,1413,0.13000000000000256,-57.79341408580713,-0.6119748594111767
2025-10-31T06:00:00+00:00,60.1,60.27,60.06,60.24,2303,0.21000000000000085,-51.57474216734626,0.0
2025-10-31T07:00:00+00:00,60.23,60.47,60.23,60.44,5081,0.240000000000002,-46.43022833223207,0.24879747885221196
2025-10-31T08:00:00+00:00,60.45,60.53,60.17,60.19,5790,0.35999999999999943,-34.30736298068305,-0.09958506224066767
2025-10-31T09:00:00+00:00,60.18,60.36,60.02,60.1,6886,0.3399999999999963,-16.649901909018027,-0.29860650298606456
2025-10-31T10:00:00+00:00,60.1,60.42,59.99,60.38,6169,0.4299999999999997,8.63382720815394,0.19913707268503908
2025-10-31T11:00:00+00:00,60.38,60.45,60.28,60.36,4986,0.1700000000000017,15.548100362609793,0.09950248756219282
2025-10-31T12:00:00+00:00,60.35,60.9,60.32,60.83,23036,0.5799999999999983,55.551649193407705,0.9961813049975119
2025-10-31T13:00:00+00:00,60.83,61.38,60.82,61.21,25163,0.5600000000000023,86.58453954172852,1.796108431731246
2025-10-31T14:00:00+00:00,61.2,61.22,60.52,60.94,16701,0.6999999999999957,119.4484846623428,1.2965425531914914
2025-10-31T15:00:00+00:00,60.95,61.12,60.47,60.66,24080,0.6499999999999986,156.28369205587512,0.9485771342985407
2025-10-31T16:00:00+00:00,60.66,60.83,60.48,60.79,13276,0.3500000000000014,172.57083033374124,0.9130146082337269
2025-10-31T17:00:00+00:00,60.78,61.01,60.77,60.88,10916,0.23999999999999488,159.24843702842756,0.727994705493059
2025-10-31T18:00:00+00:00,60.89,61.04,60.81,60.84,13810,0.22999999999999687,124.78071448553996,1.0799136069114565
2025-10-31T19:00:00+00:00,60.84,60.95,60.81,60.88,3389,0.14000000000000057,84.2810258078384,1.2978369384359418
2025-10-31T20:00:00+00:00,60.88,60.92,60.78,60.88,2550,0.14000000000000057,39.43089603307354,0.8280887711162637
2025-11-02T23:00:00+00:00,61.4,61.48,61.13,61.4,5698,0.3499999999999943,29.849382446465622,1.722995361166334
2025-11-03T00:00:00+00:00,61.4,61.42,61.22,61.26,1551,0.20000000000000284,5.789404930337738,0.7068880486602002
