t,o,h,l,c,v
2025-11-03T00:00:00+00:00,3990.0,3998.3,3971.3,3980.9,10713
2025-11-02T23:00:00+00:00,4001.0,4009.2,3988.1,3989.7,8175
2025-10-31T20:00:00+00:00,4012.7,4018.9,4007.6,4013.4,3091
2025-10-31T19:00:00+00:00,4011.9,4017.6,4003.4,4012.9,7079
2025-10-31T18:00:00+00:00,4009.3,4021.5,4006.4,4011.7,8032
2025-10-31T17:00:00+00:00,3992.2,4015.1,3991.5,4009.0,17005
2025-10-31T16:00:00+00:00,4024.8,4027.5,3982.3,3991.8,32305
2025-10-31T15:00:00+00:00,4032.8,4035.9,4021.4,4025.0,14749
2025-10-31T14:00:00+00:00,4028.3,4039.4,4022.5,4033.0,13725
2025-10-31T13:00:00+00:00,4035.4,4048.5,4021.9,4028.2,17234
2025-10-31T12:00:00+00:00,4022.2,4049.2,4020.8,4035.3,13656
2025-10-31T11:00:00+00:00,4018.7,4023.0,4012.8,4022.4,4433
2025-10-31T10:00:00+00:00,4020.1,4028.6,4015.0,4018.8,5683
2025-10-31T09:00:00+00:00,4021.6,4026.1,4010.0,4019.8,7033
2025-10-31T08:00:00+00:00,4032.4,4038.5,4018.1,4021.9,7073
2025-10-31T07:00:00+00:00,4024.7,4036.6,4019.2,4032.6,8094
2025-10-31T06:00:00+00:00,4016.9,4027.8,4013.7,4024.9,6095
2025-10-31T05:00:00+00:00,4018.0,4022.9,4006.2,4016.6,6008
2025-10-31T04:00:00+00:00,4009.5,4023.7,4001.9,4018.4,6275
2025-10-31T03:00:00+00:00,4023.6,4026.4,4003.6,4009.0,8337
2025-10-31T02:00:00+00:00,4031.7,4032.7,4012.8,4023.9,11441
2025-10-31T01:00:00+00:00,4037.1,4051.4,4025.4,4032.0,9355
2025-10-31T00:00:00+00:00,4048.7,4049.0,4035.5,4036.9,5058
2025-10-30T23:00:00+00:00,4051.5,4055.3,4031.3,4048.6,7073
2025-10-30T22:00:00+00:00,4038.2,4059.9,4029.3,4051.1,5184
2025-10-30T20:00:00+00:00,4035.2,4041.5,4029.3,4038.3,4692
2025-10-30T19:00:00+00:00,4028.3,4038.5,4027.2,4035.2,6983
2025-10-30T18:00:00+00:00,4017.5,4030.5,4013.3,4028.2,7484
2025-10-30T17:00:00+00:00,4014.7,4031.5,4007.7,4017.5,9118
2025-10-30T16:00:00+00:00,4015.3,4017.8,4004.6,4014.5,7717
2025-10-30T15:00:00+00:00,4009.2,4022.4,4001.6,4015.3,12984
2025-10-30T14:00:00+00:00,4007.6,4028.3,3999.6,4009.6,28028
2025-10-30T13:00:00+00:00,3972.2,4007.9,3970.9,4007.9,18399
2025-10-30T12:00:00+00:00,3985.8,3997.7,3972.0,3972.6,12761
2025-10-30T11:00:00+00:00,3996.1,3997.3,3975.3,3985.7,8817
2025-10-30T10:00:00+00:00,4010.7,4013.3,3985.1,3995.8,9656
2025-10-30T09:00:00+00:00,3988.2,4024.2,3988.1,4010.4,14207
2025-10-30T08:00:00+00:00,3973.0,3989.2,3971.4,3988.5,7633
2025-10-30T07:00:00+00:00,3989.1,3990.0,3967.0,3972.8,6315
2025-10-30T06:00:00+00:00,3975.8,3990.0,3968.4,3989.3,7429
2025-10-30T05:00:00+00:00,3985.5,3991.0,3959.0,3976.2,9539
2025-10-30T04:00:00+00:00,3949.5,3996.0,3946.7,3985.2,14017
2025-10-30T03:00:00+00:00,3934.9,3949.8,3927.6,3949.4,6483
2025-10-30T02:00:00+00:00,3960.0,3960.8,3934.2,3934.5,10576
2025-10-30T01:00:00+00:00,3961.5,3978.2,3956.5,3960.4,10835
2025-10-30T00:00:00+00:00,3964.1,3976.6,3948.2,3961.8,7980
2025-10-29T23:00:00+00:00,3952.9,3965.5,3951.0,3963.9,3698
2025-10-29T22:00:00+00:00,3942.8,3960.5,3925.1,3953.0,6527
2025-10-29T20:00:00+00:00,3958.7,3967.8,3940.5,3941.7,7651
2025-10-29T19:00:00+00:00,3983.0,3993.5,3940.4,3959.2,22995
2025-10-29T18:00:00+00:00,4008.6,4021.7,3954.7,3982.9,38711
2025-10-29T17:00:00+00:00,4007.3,4012.0,3999.2,4009.0,9471
2025-10-29T16:00:00+00:00,4007.8,4016.3,4005.9,4007.7,8760
2025-10-29T15:00:00+00:00,4021.8,4026.6,4003.4,4007.5,17402
2025-10-29T14:00:00+00:00,4026.8,4037.1,4020.6,4021.9,15000
2025-10-29T13:00:00+00:00,4038.8,4038.9,4016.8,4026.9,24386
2025-10-29T12:00:00+00:00,4031.0,4046.2,4027.0,4038.8,10003
2025-10-29T11:00:00+00:00,4037.1,4042.1,4026.6,4030.2,9068
2025-10-29T10:00:00+00:00,4037.4,4043.7,4030.1,4037.2,8462
2025-10-29T09:00:00+00:00,4029.5,4042.7,4026.0,4037.2,11110
2025-10-29T08:00:00+00:00,4014.8,4031.2,4013.4,4029.8,13994
2025-10-29T07:00:00+00:00,3992.0,4014.8,3988.7,4014.5,11835
2025-10-29T06:00:00+00:00,3976.3,3998.8,3973.2,3992.2,6418
2025-10-29T05:00:00+00:00,3965.6,3979.7,3963.9,3976.0,4437
2025-10-29T04:00:00+00:00,3977.2,3978.8,3964.5,3965.8,4233
2025-10-29T03:00:00+00:00,3974.6,3986.2,3971.7,3977.0,5396
2025-10-29T02:00:00+00:00,3987.2,3988.2,3957.2,3975.0,8301
2025-10-29T01:00:00+00:00,3988.9,3993.7,3979.6,3987.3,9093
2025-10-29T00:00:00+00:00,3978.6,3995.7,3973.4,3988.6,10966
2025-10-28T23:00:00+00:00,3949.1,3982.5,3948.7,3979.0,5268
2025-10-28T22:00:00+00:00,3967.2,3977.5,3930.0,3948.8,7647
2025-10-28T20:00:00+00:00,3975.4,3976.4,3964.6,3968.1,3921
2025-10-28T19:00:00+00:00,3971.5,3978.3,3965.1,3975.8,9884
2025-10-28T18:00:00+00:00,3976.5,3978.4,3959.1,3971.6,10537
2025-10-28T17:00:00+00:00,3973.4,3985.7,3969.1,3976.6,17920
2025-10-28T16:00:00+00:00,3978.7,3979.7,3965.6,3973.5,19326
2025-10-28T15:00:00+00:00,3964.5,3983.8,3961.8,3978.6,20622
2025-10-28T14:00:00+00:00,3953.9,3968.6,3949.5,3964.6,24751
2025-10-28T13:00:00+00:00,3927.2,3955.4,3926.5,3953.5,26258
2025-10-28T12:00:00+00:00,3937.0,3944.3,3919.2,3927.0,15058
2025-10-28T11:00:00+00:00,3941.0,3944.3,3925.6,3937.1,12775
2025-10-28T10:00:00+00:00,3918.6,3947.0,3913.5,3940.8,15922
2025-10-28T09:00:00+00:00,3911.7,3925.7,3901.3,3919.0,21018
2025-10-28T08:00:00+00:00,3947.6,3950.9,3911.1,3912.0,22147
2025-10-28T07:00:00+00:00,3958.2,3964.6,3936.9,3947.4,15722
2025-10-28T06:00:00+00:00,3980.5,3983.0,3953.4,3958.1,14336
2025-10-28T05:00:00+00:00,3988.3,3995.1,3973.0,3980.7,10037
2025-10-28T04:00:00+00:00,4007.0,4008.2,3978.0,3988.0,12655
2025-10-28T03:00:00+00:00,3998.3,4008.9,3997.3,4006.7,5402
2025-10-28T02:00:00+00:00,4024.4,4027.2,3995.1,3998.6,10525
2025-10-28T01:00:00+00:00,4021.8,4034.2,4017.0,4024.4,11258
2025-10-28T00:00:00+00:00,4012.8,4024.5,3987.2,4021.5,11073
2025-10-27T23:00:00+00:00,4004.2,4019.0,3997.2,4012.5,6043
2025-10-27T22:00:00+00:00,3999.9,4012.2,3994.1,4004.5,3350
2025-10-27T20:00:00+00:00,4005.8,4016.0,3994.2,3997.0,5764
2025-10-27T19:00:00+00:00,4014.2,4020.3,4000.8,4006.0,11424
2025-10-27T18:00:00+00:00,4021.8,4025.8,4012.1,4014.1,9823
2025-10-27T17:00:00+00:00,4014.5,4024.2,4005.5,4021.7,15644
2025-10-27T16:00:00+00:00,4004.8,4015.6,3998.6,4014.3,14796
2025-10-27T15:00:00+00:00,4002.1,4008.3,3985.9,4004.6,29660
2025-10-27T14:00:00+00:00,4035.7,4037.3,3995.2,4002.2,48363
2025-10-27T13:00:00+00:00,4060.3,4064.8,4026.9,4036.0,26070
2025-10-27T12:00:00+00:00,4037.9,4061.2,4036.0,4060.1,13749
2025-10-27T11:00:00+00:00,4051.0,4054.9,4028.0,4038.0,15691
2025-10-27T10:00:00+00:00,4053.0,4061.8,4042.3,4050.8,7823
2025-10-27T09:00:00+00:00,4055.4,4063.6,4042.7,4053.3,13233
2025-10-27T08:00:00+00:00,4081.6,4083.6,4034.2,4055.2,17379
2025-10-27T07:00:00+00:00,4091.8,4093.8,4077.4,4081.7,5366
2025-10-27T06:00:00+00:00,4093.5,4098.3,4087.0,4091.8,6095
2025-10-27T05:00:00+00:00,4081.5,4098.6,4081.2,4093.5,6507
2025-10-27T04:00:00+00:00,4082.0,4084.8,4065.8,4081.8,9823
2025-10-27T03:00:00+00:00,4084.9,4095.1,4078.3,4082.0,6604
2025-10-27T02:00:00+00:00,4094.6,4095.2,4083.0,4084.7,7333
2025-10-27T01:00:00+00:00,4094.9,4112.0,4088.8,4094.8,11163
2025-10-27T00:00:00+00:00,4078.7,4098.4,4071.8,4095.2,8213
2025-10-26T23:00:00+00:00,4097.3,4102.9,4075.4,4078.2,8959
2025-10-26T22:00:00+00:00,4103.2,4123.8,4074.2,4096.4,15645
2025-10-24T20:00:00+00:00,4119.7,4129.2,4111.0,4126.9,4551
2025-10-24T19:00:00+00:00,4126.3,4133.7,4117.5,4119.7,8101
2025-10-24T18:00:00+00:00,4123.5,4130.0,4117.6,4126.7,10865
2025-10-24T17:00:00+00:00,4146.3,4151.4,4121.2,4123.4,14815
2025-10-24T16:00:00+00:00,4146.6,4156.0,4138.1,4145.8,13004
2025-10-24T15:00:00+00:00,4133.1,4148.3,4128.7,4146.7,14466
2025-10-24T14:00:00+00:00,4121.3,4151.1,4116.5,4133.0,27872
2025-10-24T13:00:00+00:00,4096.3,4137.7,4093.2,4120.9,37923
2025-10-24T12:00:00+00:00,4075.7,4110.1,4073.4,4096.1,22768
2025-10-24T11:00:00+00:00,4068.2,4079.3,4055.7,4075.6,9638
2025-10-24T10:00:00+00:00,4074.9,4085.4,4067.0,4068.4,6730
2025-10-24T09:00:00+00:00,4078.7,4087.2,4068.1,4075.5,8441
2025-10-24T08:00:00+00:00,4088.8,4092.3,4060.9,4079.0,18538
2025-10-24T07:00:00+00:00,4107.4,4111.7,4083.1,4088.9,13095
2025-10-24T06:00:00+00:00,4118.3,4118.9,4096.1,4107.5,17090
2025-10-24T05:00:00+00:00,4124.9,4131.5,4116.4,4118.5,7363
2025-10-24T04:00:00+00:00,4136.2,4137.1,4115.5,4124.7,8705
2025-10-24T03:00:00+00:00,4123.6,4137.3,4122.1,4135.9,6058
2025-10-24T02:00:00+00:00,4133.3,4133.5,4123.3,4123.7,8492
2025-10-24T01:00:00+00:00,4147.7,4159.0,4126.0,4133.1,14015
2025-10-24T00:00:00+00:00,4137.1,4149.0,4133.4,4147.6,6486
2025-10-23T23:00:00+00:00,4132.5,4139.0,4121.2,4136.8,3609
2025-10-23T22:00:00+00:00,4144.0,4149.0,4127.3,4132.4,3788
2025-10-23T20:00:00+00:00,4134.6,4143.7,4123.5,4143.2,6046
2025-10-23T19:00:00+00:00,4152.3,4154.6,4132.5,4134.6,11275
2025-10-23T18:00:00+00:00,4153.9,4160.0,4149.2,4152.3,9350
2025-10-23T17:00:00+00:00,4149.2,4156.3,4141.0,4153.9,13118
2025-10-23T16:00:00+00:00,4158.6,4165.4,4141.9,4149.4,14892
2025-10-23T15:00:00+00:00,4164.5,4168.6,4152.7,4158.6,15203
2025-10-23T14:00:00+00:00,4161.1,4171.5,4150.6,4164.5,23135
2025-10-23T13:00:00+00:00,4142.1,4167.5,4141.1,4161.2,31150
2025-10-23T12:00:00+00:00,4123.4,4144.4,4113.7,4142.3,14697
2025-10-23T11:00:00+00:00,4122.9,4135.4,4121.5,4123.7,9085
2025-10-23T10:00:00+00:00,4139.6,4140.5,4115.5,4122.9,10813
2025-10-23T09:00:00+00:00,4131.5,4140.7,4126.4,4139.6,8325
2025-10-23T08:00:00+00:00,4109.9,4134.0,4109.8,4131.5,8696
2025-10-23T07:00:00+00:00,4127.8,4136.3,4106.4,4109.6,12995
2025-10-23T06:00:00+00:00,4124.7,4152.9,4124.6,4127.7,18675
2025-10-23T05:00:00+00:00,4104.3,4125.1,4099.0,4124.6,6715
2025-10-23T04:00:00+00:00,4106.7,4107.9,4094.4,4104.6,4754
2025-10-23T03:00:00+00:00,4098.0,4116.4,4093.1,4106.4,6135
2025-10-23T02:00:00+00:00,4088.9,4100.8,4087.2,4098.1,5258
2025-10-23T01:00:00+00:00,4097.7,4108.6,4087.2,4088.5,8150
2025-10-23T00:00:00+00:00,4104.2,4114.3,4079.6,4098.2,9315
2025-10-22T23:00:00+00:00,4119.2,4122.3,4096.4,4104.7,6481
2025-10-22T22:00:00+00:00,4114.8,4133.6,4108.8,4119.2,5411
2025-10-22T20:00:00+00:00,4120.4,4125.6,4106.4,4116.6,6791
2025-10-22T19:00:00+00:00,4094.2,4131.4,4093.8,4120.0,18811
2025-10-22T18:00:00+00:00,4086.5,4098.9,4083.0,4094.0,11392
2025-10-22T17:00:00+00:00,4074.7,4087.7,4058.8,4086.3,22085
2025-10-22T16:00:00+00:00,4053.5,4081.0,4039.4,4075.5,21894
2025-10-22T15:00:00+00:00,4030.7,4064.2,4030.5,4053.1,26972
2025-10-22T14:00:00+00:00,4090.6,4093.6,4025.1,4030.8,39294
2025-10-22T13:00:00+00:00,4048.9,4101.0,4048.8,4090.7,40578
2025-10-22T12:00:00+00:00,4042.5,4069.3,4038.0,4048.9,26984
2025-10-22T11:00:00+00:00,4049.4,4060.7,4029.1,4042.7,22021
2025-10-22T10:00:00+00:00,4083.9,4106.2,4035.0,4049.5,19388
2025-10-22T09:00:00+00:00,4083.7,4116.5,4076.3,4084.0,17215
2025-10-22T08:00:00+00:00,4146.2,4149.5,4074.0,4083.5,32277
2025-10-22T07:00:00+00:00,4169.3,4169.7,4142.4,4146.3,13077
2025-10-22T06:00:00+00:00,4148.8,4175.0,4141.0,4169.1,11908
2025-10-22T05:00:00+00:00,4142.4,4160.8,4140.2,4148.7,8489
2025-10-22T04:00:00+00:00,4142.8,4148.0,4121.9,4141.9,7735
2025-10-22T03:00:00+00:00,4129.1,4157.9,4120.4,4142.9,11313
2025-10-22T02:00:00+00:00,4100.7,4131.8,4100.6,4128.9,8974
2025-10-22T01:00:00+00:00,4088.5,4133.8,4077.2,4100.5,24126
2025-10-22T00:00:00+00:00,4106.8,4107.6,4021.2,4088.6,42049
2025-10-21T23:00:00+00:00,4136.1,4140.7,4103.4,4106.7,8697
2025-10-21T22:00:00+00:00,4137.0,4146.7,4126.6,4136.2,4850
2025-10-21T20:00:00+00:00,4124.5,4145.5,4121.0,4138.5,8556
2025-10-21T19:00:00+00:00,4128.4,4135.9,4112.4,4124.2,15630
2025-10-21T18:00:00+00:00,4124.0,4139.5,4118.8,4128.2,13094
2025-10-21T17:00:00+00:00,4125.2,4133.6,4105.0,4124.2,29160
2025-10-21T16:00:00+00:00,4150.5,4156.7,4112.0,4124.8,29861
2025-10-21T15:00:00+00:00,4152.0,4164.2,4131.3,4150.6,40545
2025-10-21T14:00:00+00:00,4185.9,4202.5,4093.0,4152.1,86072
2025-10-21T13:00:00+00:00,4223.5,4238.9,4179.1,4185.3,60711
2025-10-21T12:00:00+00:00,4266.8,4270.9,4217.2,4223.4,40113
2025-10-21T11:00:00+00:00,4268.0,4286.8,4258.9,4266.8,12629
2025-10-21T10:00:00+00:00,4278.9,4280.7,4262.5,4268.2,12823
2025-10-21T09:00:00+00:00,4287.3,4291.4,4267.9,4278.6,16674
2025-10-21T08:00:00+00:00,4312.6,4316.3,4257.7,4287.6,34819
2025-10-21T07:00:00+00:00,4358.5,4358.6,4308.5,4312.8,21616
2025-10-21T06:00:00+00:00,4338.6,4359.6,4333.0,4358.6,11186
2025-10-21T05:00:00+00:00,4358.3,4360.7,4332.6,4339.5,13361
2025-10-21T04:00:00+00:00,4362.8,4362.8,4352.5,4358.4,3841
2025-10-21T03:00:00+00:00,4354.8,4367.3,4353.7,4362.6,6045
2025-10-21T02:00:00+00:00,4368.1,4372.9,4351.3,4354.9,11318
2025-10-21T01:00:00+00:00,4385.9,4390.0,4348.4,4367.7,17937
2025-10-21T00:00:00+00:00,4377.4,4387.9,4372.1,4386.0,10046
2025-10-20T23:00:00+00:00,4385.5,4389.7,4373.0,4377.3,6044
2025-10-20T22:00:00+00:00,4371.0,4393.6,4370.2,4385.3,9812
2025-10-20T20:00:00+00:00,4394.4,4396.5,4363.7,4374.3,13656
2025-10-20T19:00:00+00:00,4376.4,4398.0,4376.1,4394.3,15693
2025-10-20T18:00:00+00:00,4365.8,4382.3,4362.1,4376.3,12919
2025-10-20T17:00:00+00:00,4365.4,4368.9,4354.4,4365.7,14039
2025-10-20T16:00:00+00:00,4366.0,4367.7,4358.9,4365.2,11903
2025-10-20T15:00:00+00:00,4348.7,4372.3,4348.7,4366.0,23297
2025-10-20T14:00:00+00:00,4316.8,4351.2,4308.3,4348.7,33412
2025-10-20T13:00:00+00:00,4340.9,4342.8,4315.4,4317.1,31949
2025-10-20T12:00:00+00:00,4294.6,4344.7,4287.6,4340.9,35765
2025-10-20T11:00:00+00:00,4269.5,4295.3,4265.7,4294.8,10227
2025-10-20T10:00:00+00:00,4275.4,4275.5,4259.5,4269.9,8369
2025-10-20T09:00:00+00:00,4273.3,4278.5,4264.4,4275.4,6664
2025-10-20T08:00:00+00:00,4269.1,4280.7,4266.3,4273.4,7754
2025-10-20T07:00:00+00:00,4249.0,4274.8,4247.5,4269.3,10215
2025-10-20T06:00:00+00:00,4252.3,4258.6,4233.6,4249.2,14410
2025-10-20T05:00:00+00:00,4279.3,4279.6,4251.4,4251.9,9429
2025-10-20T04:00:00+00:00,4278.0,4281.5,4273.3,4279.8,3626
2025-10-20T03:00:00+00:00,4266.8,4278.5,4261.0,4277.6,7159
2025-10-20T02:00:00+00:00,4274.7,4283.0,4264.2,4266.8,7673
2025-10-20T01:00:00+00:00,4260.5,4281.0,4240.7,4274.3,14511
2025-10-20T00:00:00+00:00,4249.4,4262.4,4229.7,4260.8,12024
2025-10-19T23:00:00+00:00,4269.7,4270.4,4243.3,4250.0,5814
2025-10-19T22:00:00+00:00,4269.0,4289.9,4253.2,4269.7,10444
2025-10-17T20:00:00+00:00,4241.7,4268.0,4234.4,4267.9,7032
2025-10-17T19:00:00+00:00,4249.8,4252.0,4225.0,4240.3,13461
2025-10-17T18:00:00+00:00,4234.2,4258.1,4231.2,4249.6,14916
2025-10-17T17:00:00+00:00,4217.5,4241.0,4196.0,4233.9,33399
2025-10-17T16:00:00+00:00,4251.5,4259.0,4211.6,4216.8,33911
2025-10-17T15:00:00+00:00,4262.3,4273.7,4244.2,4251.4,24327
2025-10-17T14:00:00+00:00,4286.4,4287.3,4226.0,4262.7,64118
2025-10-17T13:00:00+00:00,4326.6,4330.0,4268.2,4286.8,46620
2025-10-17T12:00:00+00:00,4298.7,4332.3,4294.5,4327.0,34699
2025-10-17T11:00:00+00:00,4339.7,4349.0,4298.0,4298.7,27819
2025-10-17T10:00:00+00:00,4353.1,4355.9,4332.0,4339.7,13576
2025-10-17T09:00:00+00:00,4360.2,4361.5,4345.3,4353.3,9697
2025-10-17T08:00:00+00:00,4354.5,4363.8,4332.4,4360.2,21062
2025-10-17T07:00:00+00:00,4372.0,4374.1,4320.0,4354.5,26541
2025-10-17T06:00:00+00:00,4378.5,4382.5,4358.9,4372.5,14299
2025-10-17T05:00:00+00:00,4388.2,4390.4,4353.5,4378.4,14265
2025-10-17T04:00:00+00:00,4378.9,4389.6,4367.5,4388.4,11511
2025-10-17T03:00:00+00:00,4355.6,4378.9,4351.3,4378.9,10931
2025-10-17T02:00:00+00:00,4326.1,4362.0,4324.2,4355.3,20396
2025-10-17T01:00:00+00:00,4369.7,4374.9,4291.3,4326.3,48612
2025-10-17T00:00:00+00:00,4378.3,4383.5,4365.4,4369.8,13938
2025-10-16T23:00:00+00:00,4360.2,4391.8,4354.6,4378.8,16317
2025-10-16T22:00:00+00:00,4348.1,4392.0,4341.5,4359.8,23009
2025-10-16T20:00:00+00:00,4321.9,4346.7,4321.8,4344.3,12450
2025-10-16T19:00:00+00:00,4305.6,4328.7,4302.4,4321.4,14878
2025-10-16T18:00:00+00:00,4309.4,4310.5,4287.2,4306.0,18261
2025-10-16T17:00:00+00:00,4297.1,4314.7,4294.4,4309.5,25051
2025-10-16T16:00:00+00:00,4289.5,4308.2,4275.7,4296.9,42283
2025-10-16T15:00:00+00:00,4278.8,4292.7,4276.1,4289.4,18436
2025-10-16T14:00:00+00:00,4262.4,4283.9,4261.7,4278.8,25921
2025-10-16T13:00:00+00:00,4250.7,4274.0,4249.2,4262.5,28581
2025-10-16T12:00:00+00:00,4256.3,4266.8,4241.9,4250.4,22328
2025-10-16T11:00:00+00:00,4259.2,4264.0,4255.5,4256.1,8040
2025-10-16T10:00:00+00:00,4255.0,4262.5,4250.0,4259.1,11780
2025-10-16T09:00:00+00:00,4247.5,4257.6,4237.3,4254.9,10676
2025-10-16T08:00:00+00:00,4244.6,4250.3,4243.4,4247.6,8129
2025-10-16T07:00:00+00:00,4236.7,4248.0,4236.2,4244.5,10110
2025-10-16T06:00:00+00:00,4218.5,4241.1,4217.4,4236.8,15589
2025-10-16T05:00:00+00:00,4246.6,4248.0,4216.4,4218.5,18913
2025-10-16T04:00:00+00:00,4247.6,4253.2,4240.7,4246.7,7081
2025-10-16T03:00:00+00:00,4252.8,4255.4,4241.9,4247.7,9732
2025-10-16T02:00:00+00:00,4243.8,4253.0,4239.2,4253.0,9034
2025-10-16T01:00:00+00:00,4224.7,4246.9,4224.7,4243.8,15530
2025-10-16T00:00:00+00:00,4223.1,4241.5,4218.4,4224.5,12753
2025-10-15T23:00:00+00:00,4227.8,4230.4,4219.3,4223.2,5043
2025-10-15T22:00:00+00:00,4225.1,4230.6,4214.5,4227.4,5693
2025-10-15T20:00:00+00:00,4226.0,4228.8,4222.2,4224.9,3719
2025-10-15T19:00:00+00:00,4218.8,4229.6,4218.3,4226.0,10545
2025-10-15T18:00:00+00:00,4214.4,4222.3,4213.0,4219.0,9217
2025-10-15T17:00:00+00:00,4215.1,4216.2,4198.2,4214.2,15625
2025-10-15T16:00:00+00:00,4207.0,4216.6,4202.3,4215.5,13396
2025-10-15T15:00:00+00:00,4216.1,4221.7,4196.1,4207.0,25037
2025-10-15T14:00:00+00:00,4207.7,4227.7,4207.5,4216.2,26642
2025-10-15T13:00:00+00:00,4207.0,4214.5,4198.8,4207.6,20413
2025-10-15T12:00:00+00:00,4214.5,4218.7,4191.2,4207.0,21198
2025-10-15T11:00:00+00:00,4218.6,4219.9,4209.1,4214.3,8039
2025-10-15T10:00:00+00:00,4208.7,4223.9,4206.8,4218.9,12483
2025-10-15T09:00:00+00:00,4225.8,4229.6,4180.0,4208.8,25577
2025-10-15T08:00:00+00:00,4225.7,4235.8,4225.0,4225.5,14060
2025-10-15T07:00:00+00:00,4217.0,4227.9,4212.2,4225.8,11884
2025-10-15T06:00:00+00:00,4203.9,4218.2,4202.2,4217.1,7846
2025-10-15T05:00:00+00:00,4198.7,4211.3,4195.6,4204.0,9114
2025-10-15T04:00:00+00:00,4206.0,4206.4,4192.4,4198.8,5524
2025-10-15T03:00:00+00:00,4195.4,4210.0,4194.8,4205.9,8343
2025-10-15T02:00:00+00:00,4201.0,4203.7,4186.0,4195.3,9822
2025-10-15T01:00:00+00:00,4180.3,4205.8,4180.0,4200.7,17116
2025-10-15T00:00:00+00:00,4179.6,4187.8,4171.6,4180.1,8394
2025-10-14T23:00:00+00:00,4174.8,4185.4,4173.4,4179.6,4972
2025-10-14T22:00:00+00:00,4160.1,4180.5,4157.3,4174.8,5853
2025-10-14T20:00:00+00:00,4159.3,4163.8,4156.4,4159.6,2956
2025-10-14T19:00:00+00:00,4164.6,4167.3,4150.6,4159.2,11437
2025-10-14T18:00:00+00:00,4164.1,4168.6,4158.7,4164.6,7448
2025-10-14T17:00:00+00:00,4156.2,4169.0,4153.0,4164.2,14797
2025-10-14T16:00:00+00:00,4154.5,4172.1,4144.5,4156.3,19881
2025-10-14T15:00:00+00:00,4145.4,4159.1,4142.1,4154.3,13693
2025-10-14T14:00:00+00:00,4140.5,4154.7,4136.7,4145.4,21050
2025-10-14T13:00:00+00:00,4122.9,4145.0,4113.6,4140.6,34416
2025-10-14T12:00:00+00:00,4148.8,4152.8,4119.3,4122.8,25447
2025-10-14T11:00:00+00:00,4149.6,4156.1,4142.8,4148.6,8754
2025-10-14T10:00:00+00:00,4143.9,4161.8,4142.4,4149.7,10958
2025-10-14T09:00:00+00:00,4157.9,4159.5,4136.7,4143.7,12880
2025-10-14T08:00:00+00:00,4141.6,4160.5,4139.7,4158.0,16789
2025-10-14T07:00:00+00:00,4127.1,4143.0,4116.5,4141.8,19104
2025-10-14T06:00:00+00:00,4135.3,4147.2,4105.0,4127.3,41799
2025-10-14T05:00:00+00:00,4180.8,4190.9,4124.3,4135.3,42122
2025-10-14T04:00:00+00:00,4175.6,4182.7,4168.5,4181.0,10538
2025-10-14T03:00:00+00:00,4162.0,4178.6,4161.7,4175.7,13196
2025-10-14T02:00:00+00:00,4154.1,4167.4,4153.7,4162.6,12685
2025-10-14T01:00:00+00:00,4142.1,4168.4,4140.7,4154.1,25134
2025-10-14T00:00:00+00:00,4145.7,4148.4,4137.0,4142.2,9081
2025-10-13T23:00:00+00:00,4134.2,4150.0,4132.4,4145.9,11364
2025-10-13T22:00:00+00:00,4130.9,4135.1,4125.9,4134.2,3572
2025-10-13T20:00:00+00:00,4127.3,4132.5,4124.8,4130.0,3261
2025-10-13T19:00:00+00:00,4121.7,4130.0,4110.3,4127.3,10241
2025-10-13T18:00:00+00:00,4123.3,4127.5,4119.3,4121.8,5775
2025-10-13T17:00:00+00:00,4125.4,4135.9,4119.8,4123.4,14633
2025-10-13T16:00:00+00:00,4124.8,4137.2,4123.5,4125.3,19015
2025-10-13T15:00:00+00:00,4117.6,4127.5,4111.5,4124.8,17124
2025-10-13T14:00:00+00:00,4113.6,4124.3,4110.1,4117.6,22212
2025-10-13T13:00:00+00:00,4099.5,4115.8,4097.4,4113.8,25367
2025-10-13T12:00:00+00:00,4093.2,4105.6,4092.3,4099.3,18851
2025-10-13T11:00:00+00:00,4099.5,4103.1,4092.7,4093.2,11217
2025-10-13T10:00:00+00:00,4097.1,4104.3,4090.6,4099.6,9146
2025-10-13T09:00:00+00:00,4097.0,4099.6,4089.7,4097.0,9013
2025-10-13T08:00:00+00:00,4089.6,4098.5,4087.4,4097.0,9424
2025-10-13T07:00:00+00:00,4088.6,4096.7,4085.8,4089.7,9463
2025-10-13T06:00:00+00:00,4082.6,4092.6,4078.9,4088.7,9633
2025-10-13T05:00:00+00:00,4073.5,4096.5,4071.8,4082.6,17150
2025-10-13T04:00:00+00:00,4069.8,4076.4,4068.9,4073.6,3714
2025-10-13T03:00:00+00:00,4066.4,4074.8,4064.3,4069.9,5064
2025-10-13T02:00:00+00:00,4071.9,4074.8,4059.7,4066.1,7198
2025-10-13T01:00:00+00:00,4062.0,4074.0,4053.4,4072.0,13342
2025-10-13T00:00:00+00:00,4053.0,4079.3,4042.1,4061.5,17945
2025-10-12T23:00:00+00:00,4058.8,4078.1,4050.4,4053.1,14993
2025-10-12T22:00:00+00:00,4018.3,4061.8,4011.3,4059.0,13924
2025-10-10T20:00:00+00:00,4028.0,4038.5,4022.8,4035.5,6796
2025-10-10T19:00:00+00:00,4014.9,4038.0,4010.5,4028.1,12200
2025-10-10T18:00:00+00:00,4005.0,4024.2,3998.7,4014.9,11065
2025-10-10T17:00:00+00:00,3997.7,4009.5,3988.4,4004.9,18329
2025-10-10T16:00:00+00:00,4013.5,4014.4,3990.9,3997.5,28596
2025-10-10T15:00:00+00:00,4005.7,4038.6,4003.3,4013.4,51510
2025-10-10T14:00:00+00:00,3995.5,4010.0,3986.7,4005.7,24227
2025-10-10T13:00:00+00:00,4001.9,4015.0,3990.3,3996.1,33236
2025-10-10T12:00:00+00:00,4002.4,4010.5,3995.6,4002.0,15940
2025-10-10T11:00:00+00:00,4008.1,4014.8,3998.8,4002.3,8986
2025-10-10T10:00:00+00:00,4009.8,4015.1,4006.0,4008.1,7371
2025-10-10T09:00:00+00:00,4005.0,4020.5,4002.8,4010.0,16811
2025-10-10T08:00:00+00:00,3985.0,4006.0,3982.8,4005.1,10914
2025-10-10T07:00:00+00:00,3983.2,3989.0,3966.3,3985.1,13097
2025-10-10T06:00:00+00:00,3990.1,3991.7,3977.7,3983.0,7677
2025-10-10T05:00:00+00:00,3979.8,3991.6,3979.0,3990.2,11209
2025-10-10T04:00:00+00:00,3976.8,3980.7,3961.2,3979.8,11838
2025-10-10T03:00:00+00:00,3992.6,3993.1,3975.0,3976.8,8959
2025-10-10T02:00:00+00:00,3988.0,4002.4,3987.9,3992.6,6569
2025-10-10T01:00:00+00:00,4005.4,4007.0,3984.0,3987.9,14683
2025-10-10T00:00:00+00:00,4006.6,4009.7,4002.5,4005.1,7801
2025-10-09T23:00:00+00:00,3991.1,4007.6,3989.4,4006.6,7433
2025-10-09T22:00:00+00:00,3990.1,3996.4,3973.0,3990.7,6518
2025-10-09T20:00:00+00:00,3988.3,3994.2,3987.6,3991.1,5318
2025-10-09T19:00:00+00:00,3971.4,3996.5,3969.0,3988.3,17390
2025-10-09T18:00:00+00:00,3963.1,3981.7,3962.5,3971.3,15535
2025-10-09T17:00:00+00:00,3982.2,3987.7,3957.9,3963.4,52386
2025-10-09T16:00:00+00:00,4029.5,4037.9,3976.9,3982.4,47046
2025-10-09T15:00:00+00:00,4038.9,4044.2,4021.3,4029.6,28224
2025-10-09T14:00:00+00:00,4034.4,4046.2,4018.1,4039.5,58200
2025-10-09T13:00:00+00:00,4072.8,4077.9,4033.8,4034.6,51267
2025-10-09T12:00:00+00:00,4063.7,4073.5,4056.3,4072.9,14560
2025-10-09T11:00:00+00:00,4064.0,4066.9,4052.8,4063.7,9259
2025-10-09T10:00:00+00:00,4057.4,4064.1,4055.7,4064.1,3896
2025-10-09T09:00:00+00:00,4058.0,4062.1,4053.5,4057.2,6228
2025-10-09T08:00:00+00:00,4051.0,4060.0,4049.8,4057.8,6943
2025-10-09T07:00:00+00:00,4044.8,4052.2,4044.0,4051.2,7226
2025-10-09T06:00:00+00:00,4058.5,4059.6,4041.1,4044.8,8760
2025-10-09T05:00:00+00:00,4057.5,4062.1,4053.2,4058.2,7091
2025-10-09T04:00:00+00:00,4046.1,4059.8,4046.1,4057.5,7630
2025-10-09T03:00:00+00:00,4038.5,4049.0,4036.5,4046.0,6789
2025-10-09T02:00:00+00:00,4040.5,4041.6,4022.4,4038.4,12969
2025-10-09T01:00:00+00:00,4042.4,4057.0,4027.7,4040.4,24164
2025-10-09T00:00:00+00:00,4030.0,4047.6,4027.3,4042.2,11872
2025-10-08T23:00:00+00:00,4040.0,4041.3,4019.2,4030.1,14656
2025-10-08T22:00:00+00:00,4061.8,4064.6,4033.2,4039.9,9045
2025-10-08T20:00:00+00:00,4064.3,4067.0,4058.7,4060.6,4530
2025-10-08T19:00:00+00:00,4070.6,4075.6,4052.5,4064.2,21415
2025-10-08T18:00:00+00:00,4072.0,4074.5,4059.5,4070.5,12400
2025-10-08T17:00:00+00:00,4078.6,4080.0,4063.7,4072.5,16480
2025-10-08T16:00:00+00:00,4067.3,4081.0,4065.4,4078.4,20380
2025-10-08T15:00:00+00:00,4069.7,4072.4,4058.1,4067.2,20744
2025-10-08T14:00:00+00:00,4059.7,4070.8,4057.3,4069.7,21570
2025-10-08T13:00:00+00:00,4062.1,4072.0,4047.5,4059.8,34150
2025-10-08T12:00:00+00:00,4060.1,4068.8,4052.5,4062.1,19359
2025-10-08T11:00:00+00:00,4059.2,4060.2,4053.6,4060.0,9615
2025-10-08T10:00:00+00:00,4070.9,4071.5,4055.7,4059.1,13382
2025-10-08T09:00:00+00:00,4058.2,4071.5,4052.5,4070.9,13384
2025-10-08T08:00:00+00:00,4056.4,4063.4,4055.4,4058.4,10981
2025-10-08T07:00:00+00:00,4053.7,4061.2,4052.3,4056.5,11673
2025-10-08T06:00:00+00:00,4052.0,4055.2,4043.5,4053.7,13812
2025-10-08T05:00:00+00:00,4049.0,4059.3,4046.7,4051.9,13572
2025-10-08T04:00:00+00:00,4037.1,4049.9,4037.1,4049.0,12701
2025-10-08T03:00:00+00:00,4033.9,4038.7,4031.4,4037.2,8877
2025-10-08T02:00:00+00:00,4023.2,4034.0,4018.1,4033.9,12152
2025-10-08T01:00:00+00:00,4014.0,4023.6,4006.7,4023.4,13211
2025-10-08T00:00:00+00:00,4016.3,4020.9,4011.0,4014.0,11397
2025-10-07T23:00:00+00:00,4012.4,4018.0,4011.0,4016.2,6410
2025-10-07T22:00:00+00:00,4007.1,4013.2,4005.6,4012.3,3027
2025-10-07T20:00:00+00:00,4002.7,4009.4,4002.7,4007.9,3061
2025-10-07T19:00:00+00:00,4003.8,4006.1,4001.2,4002.5,5638
2025-10-07T18:00:00+00:00,4003.9,4006.7,3996.7,4003.8,8671
2025-10-07T17:00:00+00:00,3999.9,4011.1,3999.4,4003.9,15117
2025-10-07T16:00:00+00:00,3989.0,4002.5,3985.3,3999.9,20267
2025-10-07T15:00:00+00:00,4009.2,4014.6,3983.4,3988.7,33754
2025-10-07T14:00:00+00:00,4002.3,4010.1,3991.2,4009.0,22944
2025-10-07T13:00:00+00:00,4002.6,4009.0,3993.3,4002.4,25534
2025-10-07T12:00:00+00:00,3989.7,4003.7,3986.6,4002.9,19490
2025-10-07T11:00:00+00:00,3983.2,3992.1,3979.2,3989.8,6971
2025-10-07T10:00:00+00:00,3977.5,3985.9,3976.4,3983.1,5570
2025-10-07T09:00:00+00:00,3974.0,3986.6,3973.9,3977.7,10526
2025-10-07T08:00:00+00:00,3968.6,3976.7,3963.4,3974.1,11476
2025-10-07T07:00:00+00:00,3978.0,3979.4,3965.6,3968.6,19198
2025-10-07T06:00:00+00:00,3987.3,3988.5,3976.5,3977.9,8706
2025-10-07T05:00:00+00:00,3997.8,3999.0,3982.5,3987.3,9991
2025-10-07T04:00:00+00:00,3995.3,3999.2,3993.4,3998.0,5269
2025-10-07T03:00:00+00:00,3987.6,3997.0,3983.3,3995.3,6358
2025-10-07T02:00:00+00:00,3980.6,3990.0,3980.0,3987.7,4803
2025-10-07T01:00:00+00:00,3986.2,3987.0,3978.7,3980.7,8661
2025-10-07T00:00:00+00:00,3992.3,4000.1,3984.4,3986.0,11045
2025-10-06T23:00:00+00:00,3986.6,3995.3,3984.6,3992.4,4519
2025-10-06T22:00:00+00:00,3983.0,3999.0,3982.0,3986.7,9712
2025-10-06T20:00:00+00:00,3983.2,3986.2,3981.0,3984.4,3534
2025-10-06T19:00:00+00:00,3982.9,3989.7,3981.9,3983.2,7340
2025-10-06T18:00:00+00:00,3982.6,3985.5,3980.6,3983.0,4806
2025-10-06T17:00:00+00:00,3978.3,3983.3,3975.2,3982.5,10200
2025-10-06T16:00:00+00:00,3986.4,3994.5,3969.5,3978.1,22640
2025-10-06T15:00:00+00:00,3978.0,3988.2,3972.0,3986.4,17303
2025-10-06T14:00:00+00:00,3968.5,3983.0,3963.8,3978.3,24049
2025-10-06T13:00:00+00:00,3957.8,3971.1,3950.6,3968.6,20036
2025-10-06T12:00:00+00:00,3962.2,3966.1,3950.0,3957.6,20851
2025-10-06T11:00:00+00:00,3966.4,3967.3,3954.7,3962.4,9586
2025-10-06T10:00:00+00:00,3966.7,3971.1,3956.0,3966.6,8185
2025-10-06T09:00:00+00:00,3966.9,3969.3,3960.6,3966.5,5548
2025-10-06T08:00:00+00:00,3965.8,3973.7,3959.3,3966.7,13319
2025-10-06T07:00:00+00:00,3958.3,3968.0,3953.4,3965.7,10630
2025-10-06T06:00:00+00:00,3957.5,3959.0,3947.4,3958.5,9598
2025-10-06T05:00:00+00:00,3962.9,3969.0,3951.7,3957.4,11856
2025-10-06T04:00:00+00:00,3954.6,3964.5,3953.3,3963.2,8336
2025-10-06T03:00:00+00:00,3945.8,3956.8,3944.9,3954.7,7935
2025-10-06T02:00:00+00:00,3943.3,3950.0,3942.7,3946.1,9589
2025-10-06T01:00:00+00:00,3926.5,3943.4,3925.5,3943.3,7689
2025-10-06T00:00:00+00:00,3935.4,3935.9,3924.3,3926.1,9083
2025-10-05T23:00:00+00:00,3927.6,3945.2,3925.0,3935.3,15139
2025-10-05T22:00:00+00:00,3913.5,3930.3,3909.2,3927.3,8806
2025-10-03T20:00:00+00:00,3910.9,3912.7,3908.5,3912.1,2975
2025-10-03T19:00:00+00:00,3911.9,3914.6,3909.3,3910.9,5652
2025-10-03T18:00:00+00:00,3906.9,3914.8,3905.2,3911.8,7029
2025-10-03T17:00:00+00:00,3908.8,3911.4,3901.7,3906.6,9579
2025-10-03T16:00:00+00:00,3914.5,3914.8,3905.4,3908.9,9789
2025-10-03T15:00:00+00:00,3904.4,3916.8,3898.5,3914.4,17578
2025-10-03T14:00:00+00:00,3907.4,3912.5,3890.7,3904.3,27330
2025-10-03T13:00:00+00:00,3898.4,3915.6,3894.5,3907.3,33405
2025-10-03T12:00:00+00:00,3885.4,3899.5,3883.7,3898.4,14992
2025-10-03T11:00:00+00:00,3888.9,3890.3,3877.6,3885.3,7931
2025-10-03T10:00:00+00:00,3887.8,3891.5,3885.3,3888.9,7881
2025-10-03T09:00:00+00:00,3888.2,3888.4,3880.2,3887.7,4108
2025-10-03T08:00:00+00:00,3887.5,3889.0,3883.4,3888.3,4280
2025-10-03T07:00:00+00:00,3882.2,3888.7,3880.0,3887.3,6894
2025-10-03T06:00:00+00:00,3878.2,3884.2,3874.2,3882.0,6245
2025-10-03T05:00:00+00:00,3867.1,3882.4,3867.0,3878.3,6592
2025-10-03T04:00:00+00:00,3865.7,3871.3,3864.6,3867.2,3501
2025-10-03T03:00:00+00:00,3871.5,3874.6,3861.1,3865.9,7713
2025-10-03T02:00:00+00:00,3882.3,3882.9,3871.0,3871.9,4680
2025-10-03T01:00:00+00:00,3880.9,3886.5,3870.9,3882.2,9148
2025-10-03T00:00:00+00:00,3886.6,3887.2,3880.2,3880.7,4376
2025-10-02T23:00:00+00:00,3881.2,3888.1,3880.6,3886.8,2441
2025-10-02T22:00:00+00:00,3880.4,3882.9,3876.0,3881.2,1932
2025-10-02T20:00:00+00:00,3880.3,3884.5,3878.0,3880.8,3055
2025-10-02T19:00:00+00:00,3875.2,3883.4,3874.8,3880.1,8472
2025-10-02T18:00:00+00:00,3868.5,3876.5,3867.8,3875.2,6598
2025-10-02T17:00:00+00:00,3868.6,3871.8,3864.7,3868.6,12198
2025-10-02T16:00:00+00:00,3851.7,3869.2,3850.7,3868.6,17299
2025-10-02T15:00:00+00:00,3863.7,3869.0,3842.8,3851.8,35414
2025-10-02T14:00:00+00:00,3900.0,3901.5,3849.1,3863.8,64971
2025-10-02T13:00:00+00:00,3909.9,3923.3,3898.1,3899.7,29471
2025-10-02T12:00:00+00:00,3911.3,3917.5,3905.1,3910.1,15246
2025-10-02T11:00:00+00:00,3906.7,3911.7,3904.5,3911.2,7435
2025-10-02T10:00:00+00:00,3904.4,3908.6,3901.2,3906.6,5125
2025-10-02T09:00:00+00:00,3899.4,3905.1,3898.1,3904.3,6271
2025-10-02T08:00:00+00:00,3893.6,3903.6,3889.7,3899.3,6494
2025-10-02T07:00:00+00:00,3888.9,3899.6,3886.9,3894.0,10306
2025-10-02T06:00:00+00:00,3893.0,3899.3,3886.8,3889.0,6137
